Frame,Emotion Scores
1,"{'disgust': np.float64(0.30997228622436523), 'fear': np.float64(0.06203307062387466), 'happy': np.float64(0.0017200696747750044), 'neutral': np.float64(0.13732643127441407), 'sad': np.float64(0.07883614301681519), 'surprise': np.float64(0.06884408742189407), 'anger': np.float64(0.014652963494881988)}"
2,"{'disgust': np.float64(0.2985655546188355), 'fear': np.float64(0.10576182827353478), 'happy': np.float64(0.0018963967449963093), 'neutral': np.float64(0.11014116108417513), 'sad': np.float64(0.08964451849460603), 'surprise': np.float64(0.08669325336813927), 'anger': np.float64(0.014355981955304742)}"
3,"{'disgust': np.float64(0.29033271471659344), 'fear': np.float64(0.1932821050286293), 'happy': np.float64(0.0015551052832355101), 'neutral': np.float64(0.07740329603354137), 'sad': np.float64(0.14565777480602266), 'surprise': np.float64(0.07089465359846751), 'anger': np.float64(0.016094467494015895)}"
4,"{'disgust': np.float64(0.2639040589332581), 'fear': np.float64(0.16890278421342372), 'happy': np.float64(0.0014935264771338552), 'neutral': np.float64(0.08167282268404961), 'sad': np.float64(0.2090138152241707), 'surprise': np.float64(0.0635802848264575), 'anger': np.float64(0.015578589402139189)}"
5,"{'disgust': np.float64(0.2206622558832169), 'fear': np.float64(0.20253792017698288), 'happy': np.float64(0.0013416267465800047), 'neutral': np.float64(0.06860883444547654), 'sad': np.float64(0.2912658774852753), 'surprise': np.float64(0.05585838258266449), 'anger': np.float64(0.014512035194784403)}"
6,"{'disgust': np.float64(0.17753834664821627), 'fear': np.float64(0.21147789001464842), 'happy': np.float64(0.0012260917341336609), 'neutral': np.float64(0.049231752455234534), 'sad': np.float64(0.41260777592659004), 'surprise': np.float64(0.04841515570878983), 'anger': np.float64(0.013595465542748573)}"
7,"{'disgust': np.float64(0.13228989183902742), 'fear': np.float64(0.2059283548593521), 'happy': np.float64(0.001010916382074356), 'neutral': np.float64(0.04131228774785996), 'sad': np.float64(0.5345899832248688), 'surprise': np.float64(0.03386902511119842), 'anger': np.float64(0.012397464704699815)}"
8,"{'disgust': np.float64(0.09128313958644868), 'fear': np.float64(0.14066055089235305), 'happy': np.float64(0.0010937967337667942), 'neutral': np.float64(0.08391830116510393), 'sad': np.float64(0.5294500294327736), 'surprise': np.float64(0.036043377965688704), 'anger': np.float64(0.010200958750210704)}"
9,"{'disgust': np.float64(0.07233793556690217), 'fear': np.float64(0.14310356587171555), 'happy': np.float64(0.001063796877861023), 'neutral': np.float64(0.07407878965139389), 'sad': np.float64(0.5906646510958672), 'surprise': np.float64(0.031447897851467135), 'anger': np.float64(0.009722750768996776)}"
10,"{'disgust': np.float64(0.0754049837589264), 'fear': np.float64(0.08572636574506759), 'happy': np.float64(0.0011676134075969458), 'neutral': np.float64(0.11235634148120881), 'sad': np.float64(0.5202892395853997), 'surprise': np.float64(0.03749503567814827), 'anger': np.float64(0.009606110197491944)}"
11,"{'disgust': np.float64(0.06908757209777833), 'fear': np.float64(0.0939104363322258), 'happy': np.float64(0.0011634916998445987), 'neutral': np.float64(0.11248339831829073), 'sad': np.float64(0.5189047929644585), 'surprise': np.float64(0.0384726881980896), 'anger': np.float64(0.009824970997869968)}"
12,"{'disgust': np.float64(0.06662373661994936), 'fear': np.float64(0.0981609633564949), 'happy': np.float64(0.0012100966880097986), 'neutral': np.float64(0.12060206532478332), 'sad': np.float64(0.48729998439550404), 'surprise': np.float64(0.04230315312743187), 'anger': np.float64(0.010502340518869458)}"
13,"{'disgust': np.float64(0.0625117152929306), 'fear': np.float64(0.11230482101440428), 'happy': np.float64(0.0012542412150651217), 'neutral': np.float64(0.11029625535011292), 'sad': np.float64(0.5014042162895203), 'surprise': np.float64(0.04533826559782028), 'anger': np.float64(0.010928505780175329)}"
14,"{'disgust': np.float64(0.05856272995471955), 'fear': np.float64(0.11631881117820739), 'happy': np.float64(0.0012303401017561555), 'neutral': np.float64(0.1087694764137268), 'sad': np.float64(0.5030229794979096), 'surprise': np.float64(0.047323713824152944), 'anger': np.float64(0.010970373349264264)}"
15,"{'disgust': np.float64(0.0577226597070694), 'fear': np.float64(0.12886949479579923), 'happy': np.float64(0.0012388689443469047), 'neutral': np.float64(0.09014899253845216), 'sad': np.float64(0.5491407889127732), 'surprise': np.float64(0.04483195655047893), 'anger': np.float64(0.011539433170109989)}"
16,"{'disgust': np.float64(0.05871059358119964), 'fear': np.float64(0.11924032688140869), 'happy': np.float64(0.0012860745191574097), 'neutral': np.float64(0.10883880078792571), 'sad': np.float64(0.505064670443535), 'surprise': np.float64(0.04479619301855564), 'anger': np.float64(0.011884054890833797)}"
17,"{'disgust': np.float64(0.0575363826751709), 'fear': np.float64(0.11381793916225433), 'happy': np.float64(0.0012770082568749786), 'neutral': np.float64(0.12579970300197602), 'sad': np.float64(0.4699629729986191), 'surprise': np.float64(0.04247882254421711), 'anger': np.float64(0.012341881678439677)}"
18,"{'disgust': np.float64(0.05524544656276702), 'fear': np.float64(0.11555608212947846), 'happy': np.float64(0.0011865691281855105), 'neutral': np.float64(0.12327806890010835), 'sad': np.float64(0.4932049781084061), 'surprise': np.float64(0.035655657202005385), 'anger': np.float64(0.013635847987607122)}"
19,"{'disgust': np.float64(0.05443792760372161), 'fear': np.float64(0.09676622092723845), 'happy': np.float64(0.0012968609342351555), 'neutral': np.float64(0.16305992364883423), 'sad': np.float64(0.40508810698986053), 'surprise': np.float64(0.03414253629744053), 'anger': np.float64(0.014022993659600616)}"
20,"{'disgust': np.float64(0.04549624145030976), 'fear': np.float64(0.07532568655908108), 'happy': np.float64(0.0011886648251675069), 'neutral': np.float64(0.2144468641281128), 'sad': np.float64(0.3104042886197568), 'surprise': np.float64(0.027842350117862225), 'anger': np.float64(0.012379494816996158)}"
21,"{'disgust': np.float64(0.039561744332313534), 'fear': np.float64(0.05880898363888263), 'happy': np.float64(0.0011458105989731848), 'neutral': np.float64(0.2524312400817871), 'sad': np.float64(0.2374301400780678), 'surprise': np.float64(0.02427255976945162), 'anger': np.float64(0.011717762118205428)}"
22,"{'disgust': np.float64(0.04402597904205322), 'fear': np.float64(0.0515057272464037), 'happy': np.float64(0.0010527453268878162), 'neutral': np.float64(0.22446022272109983), 'sad': np.float64(0.3285623243451119), 'surprise': np.float64(0.018106129579246046), 'anger': np.float64(0.01204277191311121)}"
23,"{'disgust': np.float64(0.04496474027633667), 'fear': np.float64(0.03349635310471057), 'happy': np.float64(0.0011061388184316456), 'neutral': np.float64(0.2451466250419617), 'sad': np.float64(0.2906998080015183), 'surprise': np.float64(0.01658224705606699), 'anger': np.float64(0.010430178609676658)}"
24,"{'disgust': np.float64(0.04839408993721008), 'fear': np.float64(0.03636212266981601), 'happy': np.float64(0.0010204105987213553), 'neutral': np.float64(0.24478220224380495), 'sad': np.float64(0.28289120674133306), 'surprise': np.float64(0.01733034271746874), 'anger': np.float64(0.010461872615851462)}"
25,"{'disgust': np.float64(0.06847812175750732), 'fear': np.float64(0.04887902900576591), 'happy': np.float64(0.0012516981223598123), 'neutral': np.float64(0.21128750562667847), 'sad': np.float64(0.3250008554756642), 'surprise': np.float64(0.02175532951951027), 'anger': np.float64(0.012343266187235713)}"
26,"{'disgust': np.float64(0.07159333348274231), 'fear': np.float64(0.04822792254388332), 'happy': np.float64(0.001273903902620077), 'neutral': np.float64(0.2137702202796936), 'sad': np.float64(0.3155796549469233), 'surprise': np.float64(0.021328394860029222), 'anger': np.float64(0.011772763971239329)}"
27,"{'disgust': np.float64(0.09679303765296937), 'fear': np.float64(0.04327718786895275), 'happy': np.float64(0.0014749991707503796), 'neutral': np.float64(0.23922099351882933), 'sad': np.float64(0.20950667060911657), 'surprise': np.float64(0.023851413279771805), 'anger': np.float64(0.011713241785764694)}"
28,"{'disgust': np.float64(0.11504612922668458), 'fear': np.float64(0.04984867058694362), 'happy': np.float64(0.001554391090758145), 'neutral': np.float64(0.22803098440170286), 'sad': np.float64(0.212531867697835), 'surprise': np.float64(0.02203068193048239), 'anger': np.float64(0.012999464315362275)}"
29,"{'disgust': np.float64(0.1320127284526825), 'fear': np.float64(0.05672331266105174), 'happy': np.float64(0.001682774629443884), 'neutral': np.float64(0.2020751523971558), 'sad': np.float64(0.25811338074505336), 'surprise': np.float64(0.019988229870796202), 'anger': np.float64(0.014062256631441413)}"
30,"{'disgust': np.float64(0.14701696038246156), 'fear': np.float64(0.05208031676709651), 'happy': np.float64(0.0016694532707333565), 'neutral': np.float64(0.19593751192092895), 'sad': np.float64(0.2638543567806483), 'surprise': np.float64(0.017642713338136672), 'anger': np.float64(0.0139277122868225)}"
31,"{'disgust': np.float64(0.15833542108535767), 'fear': np.float64(0.057500580847263325), 'happy': np.float64(0.0017713200068101287), 'neutral': np.float64(0.17134315729141236), 'sad': np.float64(0.30558685779571537), 'surprise': np.float64(0.019840605184435846), 'anger': np.float64(0.01480430440977216)}"
32,"{'disgust': np.float64(0.12925949037075044), 'fear': np.float64(0.07121189832687377), 'happy': np.float64(0.0016125572379678487), 'neutral': np.float64(0.1563756060600281), 'sad': np.float64(0.37460152447223666), 'surprise': np.float64(0.01992141529917717), 'anger': np.float64(0.014038569419644775)}"
33,"{'disgust': np.float64(0.11326893746852876), 'fear': np.float64(0.0869868591427803), 'happy': np.float64(0.0014900436392053962), 'neutral': np.float64(0.12710028529167178), 'sad': np.float64(0.45899023890495305), 'surprise': np.float64(0.021847871877253056), 'anger': np.float64(0.013126569469459356)}"
34,"{'disgust': np.float64(0.09405219018459321), 'fear': np.float64(0.0947955670952797), 'happy': np.float64(0.0014070355100557208), 'neutral': np.float64(0.11969555735588075), 'sad': np.float64(0.4953876864910126), 'surprise': np.float64(0.02364940121769905), 'anger': np.float64(0.011576215545646848)}"
35,"{'disgust': np.float64(0.07864693343639374), 'fear': np.float64(0.10220009475946426), 'happy': np.float64(0.0013099679024890065), 'neutral': np.float64(0.09720113754272461), 'sad': np.float64(0.5732677492499352), 'surprise': np.float64(0.0230237003415823), 'anger': np.float64(0.01147591278422624)}"
36,"{'disgust': np.float64(0.08602425277233125), 'fear': np.float64(0.10886848032474516), 'happy': np.float64(0.0011513187433592974), 'neutral': np.float64(0.06160374581813812), 'sad': np.float64(0.6604826903343202), 'surprise': np.float64(0.02061748653650284), 'anger': np.float64(0.011656528171151878)}"
37,"{'disgust': np.float64(0.09732518196105958), 'fear': np.float64(0.09123514384031295), 'happy': np.float64(0.0011670305742882193), 'neutral': np.float64(0.060853483080863954), 'sad': np.float64(0.6642276906967164), 'surprise': np.float64(0.0202120803296566), 'anger': np.float64(0.011094829589128495)}"
38,"{'disgust': np.float64(0.10787283658981324), 'fear': np.float64(0.06693705707788467), 'happy': np.float64(0.001225883245933801), 'neutral': np.float64(0.08030392706394196), 'sad': np.float64(0.5971244961023331), 'surprise': np.float64(0.030021830648183822), 'anger': np.float64(0.010175452376715839)}"
39,"{'disgust': np.float64(0.10715482354164123), 'fear': np.float64(0.06573137730360032), 'happy': np.float64(0.0012315997038967908), 'neutral': np.float64(0.0759208405017853), 'sad': np.float64(0.5086421617865563), 'surprise': np.float64(0.07682237774133682), 'anger': np.float64(0.009201811254024505)}"
40,"{'disgust': np.float64(0.09721150517463685), 'fear': np.float64(0.07842208832502365), 'happy': np.float64(0.0012404614710249007), 'neutral': np.float64(0.07104179322719575), 'sad': np.float64(0.4158622246980667), 'surprise': np.float64(0.12622908987104892), 'anger': np.float64(0.007854625226464124)}"
41,"{'disgust': np.float64(0.0808618700504303), 'fear': np.float64(0.07687820971012116), 'happy': np.float64(0.0012635974213480949), 'neutral': np.float64(0.07806637167930604), 'sad': np.float64(0.3343255335092544), 'surprise': np.float64(0.16552864983677865), 'anger': np.float64(0.006741828338708729)}"
42,"{'disgust': np.float64(0.06822393596172334), 'fear': np.float64(0.07040848441421985), 'happy': np.float64(0.0012970505282282828), 'neutral': np.float64(0.10511773467063905), 'sad': np.float64(0.2875509780645371), 'surprise': np.float64(0.16366146877408028), 'anger': np.float64(0.0059674554341472685)}"
43,"{'disgust': np.float64(0.06925802409648896), 'fear': np.float64(0.06716192744672297), 'happy': np.float64(0.0011725483112968505), 'neutral': np.float64(0.09487038969993591), 'sad': np.float64(0.34129987120628363), 'surprise': np.float64(0.1527134157717228), 'anger': np.float64(0.00693991847569123)}"
44,"{'disgust': np.float64(0.06908808290958404), 'fear': np.float64(0.04562208909541369), 'happy': np.float64(0.001177574892062694), 'neutral': np.float64(0.1311438137292862), 'sad': np.float64(0.31276434078812604), 'surprise': np.float64(0.12943686321377754), 'anger': np.float64(0.006825762975495309)}"
45,"{'disgust': np.float64(0.05876199603080749), 'fear': np.float64(0.01927890468388796), 'happy': np.float64(0.0010081347194500268), 'neutral': np.float64(0.12801180839538576), 'sad': np.float64(0.2761524586193264), 'surprise': np.float64(0.16771018579602243), 'anger': np.float64(0.006100501157343388)}"
46,"{'disgust': np.float64(0.047437896132469175), 'fear': np.float64(0.017654589302837847), 'happy': np.float64(0.0008798162394668907), 'neutral': np.float64(0.11430751565843822), 'sad': np.float64(0.22031699039973324), 'surprise': np.float64(0.21824984028935432), 'anger': np.float64(0.0051899793301709)}"
47,"{'disgust': np.float64(0.03990740682929754), 'fear': np.float64(0.020143738724291323), 'happy': np.float64(0.0007005302759353071), 'neutral': np.float64(0.0720413925871253), 'sad': np.float64(0.13403484093607404), 'surprise': np.float64(0.3142709046602249), 'anger': np.float64(0.004442599348840304)}"
48,"{'disgust': np.float64(0.017981880418956285), 'fear': np.float64(0.02402535516768694), 'happy': np.float64(0.0005948573641944676), 'neutral': np.float64(0.0506128741800785), 'sad': np.float64(0.014250979427015411), 'surprise': np.float64(0.4080295473337173), 'anger': np.float64(0.0023717710759956394)}"
49,"{'disgust': np.float64(0.004647988546639681), 'fear': np.float64(0.0298153480142355), 'happy': np.float64(0.0003608950646594167), 'neutral': np.float64(0.005319466888904572), 'sad': np.float64(0.0027649235306307675), 'surprise': np.float64(0.4761880338191986), 'anger': np.float64(0.0013448098360095172)}"
50,"{'disgust': np.float64(0.0025539474934339525), 'fear': np.float64(0.028867723457515242), 'happy': np.float64(0.0002982765057822689), 'neutral': np.float64(0.001333129219710827), 'sad': np.float64(0.0014171016949694605), 'surprise': np.float64(0.4835989594459534), 'anger': np.float64(0.0010402566511766053)}"
51,"{'disgust': np.float64(0.0010028835199773311), 'fear': np.float64(0.02070851158350706), 'happy': np.float64(0.00025922007916960864), 'neutral': np.float64(0.0010696904547512532), 'sad': np.float64(0.0007637697760947049), 'surprise': np.float64(0.4886691451072693), 'anger': np.float64(0.0008184666352462955)}"
52,"{'disgust': np.float64(0.0008683528751134873), 'fear': np.float64(0.021368584670126436), 'happy': np.float64(0.00027265795215498657), 'neutral': np.float64(0.0009781099855899812), 'sad': np.float64(0.0007477366353850812), 'surprise': np.float64(0.48859129548072816), 'anger': np.float64(0.0007888297690078616)}"
53,"{'disgust': np.float64(0.0007941108569502831), 'fear': np.float64(0.018330799676477907), 'happy': np.float64(0.00027484243328217416), 'neutral': np.float64(0.001061936318874359), 'sad': np.float64(0.0006990037672221661), 'surprise': np.float64(0.48982739448547363), 'anger': np.float64(0.0007344672913313844)}"
54,"{'disgust': np.float64(0.0007760465517640114), 'fear': np.float64(0.01579501960426569), 'happy': np.float64(0.0002802732778945938), 'neutral': np.float64(0.0011212173476815223), 'sad': np.float64(0.000655502456938848), 'surprise': np.float64(0.4908406972885132), 'anger': np.float64(0.0007022423113812691)}"
55,"{'disgust': np.float64(0.0008309252373874187), 'fear': np.float64(0.03214422896504402), 'happy': np.float64(0.0003044433135073632), 'neutral': np.float64(0.00119255056604743), 'sad': np.float64(0.0008505166671238841), 'surprise': np.float64(0.4837799906730652), 'anger': np.float64(0.0007782419613795355)}"
56,"{'disgust': np.float64(0.0008808081038296223), 'fear': np.float64(0.06803359553217889), 'happy': np.float64(0.0003322530537843704), 'neutral': np.float64(0.0012542936392128466), 'sad': np.float64(0.0012531939928885551), 'surprise': np.float64(0.4684864580631256), 'anger': np.float64(0.0009049439860973508)}"
57,"{'disgust': np.float64(0.0009327999316155911), 'fear': np.float64(0.07005511298775673), 'happy': np.float64(0.00032794958096928897), 'neutral': np.float64(0.001366328112781048), 'sad': np.float64(0.0013456741941627116), 'surprise': np.float64(0.46743040680885317), 'anger': np.float64(0.0009265467207296753)}"
58,"{'disgust': np.float64(0.0010066812857985497), 'fear': np.float64(0.08535005852580071), 'happy': np.float64(0.0003592342894989997), 'neutral': np.float64(0.0014332215487957002), 'sad': np.float64(0.0015964178764261306), 'surprise': np.float64(0.4607705295085907), 'anger': np.float64(0.001000550392200239)}"
59,"{'disgust': np.float64(0.0011109020560979843), 'fear': np.float64(0.10402118191123008), 'happy': np.float64(0.0003857249568682164), 'neutral': np.float64(0.0014639478363096714), 'sad': np.float64(0.0018845578865148128), 'surprise': np.float64(0.4527187287807465), 'anger': np.float64(0.0010697147698374466)}"
60,"{'disgust': np.float64(0.0011300420947372915), 'fear': np.float64(0.09256782889366151), 'happy': np.float64(0.00038307492504827676), 'neutral': np.float64(0.001510702446103096), 'sad': np.float64(0.0018249793071299792), 'surprise': np.float64(0.457456111907959), 'anger': np.float64(0.0010335373861016706)}"
61,"{'disgust': np.float64(0.001351558342576027), 'fear': np.float64(0.07005583584308624), 'happy': np.float64(0.0003999455482698977), 'neutral': np.float64(0.0015810526348650454), 'sad': np.float64(0.001909830803051591), 'surprise': np.float64(0.46656428575515746), 'anger': np.float64(0.0009714987681945788)}"
62,"{'disgust': np.float64(0.0016439718194305897), 'fear': np.float64(0.17693077102303503), 'happy': np.float64(0.0004483262193389237), 'neutral': np.float64(0.0015336319431662562), 'sad': np.float64(0.003406009308528156), 'surprise': np.float64(0.42114537954330444), 'anger': np.float64(0.0011930592957651244)}"
63,"{'disgust': np.float64(0.0018247666582465176), 'fear': np.float64(0.2582049031555652), 'happy': np.float64(0.00047925975522957744), 'neutral': np.float64(0.0015510163083672524), 'sad': np.float64(0.004306523827835918), 'surprise': np.float64(0.3866829931735992), 'anger': np.float64(0.001336739886319265)}"
64,"{'disgust': np.float64(0.0020118469558656218), 'fear': np.float64(0.3573929692804813), 'happy': np.float64(0.0005132957128807902), 'neutral': np.float64(0.0015733278356492519), 'sad': np.float64(0.005477756042964757), 'surprise': np.float64(0.3446181446313858), 'anger': np.float64(0.0014933713036589325)}"
65,"{'disgust': np.float64(0.002315594553947449), 'fear': np.float64(0.4128025013208389), 'happy': np.float64(0.0005611019791103899), 'neutral': np.float64(0.0016948457248508932), 'sad': np.float64(0.00653694865293801), 'surprise': np.float64(0.32063343226909635), 'anger': np.float64(0.001657177399029024)}"
66,"{'disgust': np.float64(0.0026702362298965457), 'fear': np.float64(0.5437227416038513), 'happy': np.float64(0.0005720960209146142), 'neutral': np.float64(0.0016145975701510908), 'sad': np.float64(0.010994128193706276), 'surprise': np.float64(0.26387850046157835), 'anger': np.float64(0.0019455294148065148)}"
67,"{'disgust': np.float64(0.002988523729145527), 'fear': np.float64(0.5225671577453613), 'happy': np.float64(0.0005923090735450387), 'neutral': np.float64(0.0018093649297952652), 'sad': np.float64(0.012494477331638337), 'surprise': np.float64(0.27154330611228944), 'anger': np.float64(0.0019792818150017413)}"
68,"{'disgust': np.float64(0.003200208805501461), 'fear': np.float64(0.4692255592346191), 'happy': np.float64(0.0006097239209339022), 'neutral': np.float64(0.0020715013891458517), 'sad': np.float64(0.012708500185981395), 'surprise': np.float64(0.2931971848011017), 'anger': np.float64(0.001961384249152616)}"
69,"{'disgust': np.float64(0.0034560813754796983), 'fear': np.float64(0.43476917266845694), 'happy': np.float64(0.0006354133249260486), 'neutral': np.float64(0.0024427104741334914), 'sad': np.float64(0.01353887563571334), 'surprise': np.float64(0.3065192669630051), 'anger': np.float64(0.0020089943683706227)}"
70,"{'disgust': np.float64(0.003414388559758663), 'fear': np.float64(0.3986308372020721), 'happy': np.float64(0.0006181705044582486), 'neutral': np.float64(0.002526564486324787), 'sad': np.float64(0.012986256065778436), 'surprise': np.float64(0.3217730313539505), 'anger': np.float64(0.0019689950777683407)}"
71,"{'disgust': np.float64(0.0032098126038908963), 'fear': np.float64(0.2876882779598236), 'happy': np.float64(0.0006297429790720344), 'neutral': np.float64(0.0027969571948051456), 'sad': np.float64(0.00915260450448841), 'surprise': np.float64(0.3695501804351807), 'anger': np.float64(0.0017816479480825364)}"
72,"{'disgust': np.float64(0.0029767672717571263), 'fear': np.float64(0.21044747203588487), 'happy': np.float64(0.0006421537487767637), 'neutral': np.float64(0.003259892053902149), 'sad': np.float64(0.0068111068522557616), 'surprise': np.float64(0.4023773670196533), 'anger': np.float64(0.0016290274524362758)}"
73,"{'disgust': np.float64(0.003289187662303448), 'fear': np.float64(0.28395746558904644), 'happy': np.float64(0.0006287202355451882), 'neutral': np.float64(0.0031105637922883038), 'sad': np.float64(0.010623997324146331), 'surprise': np.float64(0.36999457478523257), 'anger': np.float64(0.0017860814690357075)}"
74,"{'disgust': np.float64(0.003105058334767819), 'fear': np.float64(0.21161700457334515), 'happy': np.float64(0.0006029383395798505), 'neutral': np.float64(0.003066191263496876), 'sad': np.float64(0.00897665536031127), 'surprise': np.float64(0.4011087954044342), 'anger': np.float64(0.0016171634383499623)}"
75,"{'disgust': np.float64(0.0029851254448294644), 'fear': np.float64(0.19896039694547654), 'happy': np.float64(0.0006175536778755486), 'neutral': np.float64(0.0029461398348212243), 'sad': np.float64(0.008596693540457636), 'surprise': np.float64(0.40677464604377744), 'anger': np.float64(0.0015604589722352101)}"
76,"{'disgust': np.float64(0.0026782621070742607), 'fear': np.float64(0.17165508091449738), 'happy': np.float64(0.0006040725391358137), 'neutral': np.float64(0.002742467075586319), 'sad': np.float64(0.007571128429844974), 'surprise': np.float64(0.41909688115119936), 'anger': np.float64(0.0014426609803922473)}"
77,"{'disgust': np.float64(0.0026102338731288912), 'fear': np.float64(0.24140191644430162), 'happy': np.float64(0.0005992350983433425), 'neutral': np.float64(0.0022192859277129174), 'sad': np.float64(0.007859378159046174), 'surprise': np.float64(0.3905800998210907), 'anger': np.float64(0.0016032841202104464)}"
78,"{'disgust': np.float64(0.002105033360421658), 'fear': np.float64(0.15792990893125533), 'happy': np.float64(0.0006219774484634399), 'neutral': np.float64(0.0021282081678509713), 'sad': np.float64(0.003125468166545033), 'surprise': np.float64(0.42794851660728456), 'anger': np.float64(0.0014186728064669296)}"
79,"{'disgust': np.float64(0.0019578542187809944), 'fear': np.float64(0.16367971032857892), 'happy': np.float64(0.000617980700917542), 'neutral': np.float64(0.0018822936341166495), 'sad': np.float64(0.0028191195987164975), 'surprise': np.float64(0.42609221339225767), 'anger': np.float64(0.0014383565308526158)}"
80,"{'disgust': np.float64(0.0021337886527180673), 'fear': np.float64(0.28051874130964277), 'happy': np.float64(0.0006246568984352053), 'neutral': np.float64(0.001769391428679228), 'sad': np.float64(0.003616938872728497), 'surprise': np.float64(0.37703737914562224), 'anger': np.float64(0.0016475523490225897)}"
81,"{'disgust': np.float64(0.0022942042350769043), 'fear': np.float64(0.3019414258003235), 'happy': np.float64(0.0006337290396913886), 'neutral': np.float64(0.0018206679634749888), 'sad': np.float64(0.003884196318686009), 'surprise': np.float64(0.36780286729335787), 'anger': np.float64(0.0017311940895160661)}"
82,"{'disgust': np.float64(0.002307748682796955), 'fear': np.float64(0.38184520483016965), 'happy': np.float64(0.0005958989262580871), 'neutral': np.float64(0.0017010771483182909), 'sad': np.float64(0.00418504735454917), 'surprise': np.float64(0.3345468580722809), 'anger': np.float64(0.0017613423423608766)}"
83,"{'disgust': np.float64(0.0023711854964494706), 'fear': np.float64(0.3654122704267501), 'happy': np.float64(0.0005598551710136235), 'neutral': np.float64(0.0018352874740958213), 'sad': np.float64(0.004133319710381329), 'surprise': np.float64(0.3412517964839935), 'anger': np.float64(0.0017257388960570097)}"
84,"{'disgust': np.float64(0.0025257517769932745), 'fear': np.float64(0.36560227632522574), 'happy': np.float64(0.0005557974567636847), 'neutral': np.float64(0.0019745446369051935), 'sad': np.float64(0.0042015259154140954), 'surprise': np.float64(0.34087153673172), 'anger': np.float64(0.0017472574266139418)}"
85,"{'disgust': np.float64(0.003205306343734265), 'fear': np.float64(0.2827564287185668), 'happy': np.float64(0.0005929078324697912), 'neutral': np.float64(0.0025953420810401447), 'sad': np.float64(0.006769579807296396), 'surprise': np.float64(0.37298705279827116), 'anger': np.float64(0.0017377715348266063)}"
86,"{'disgust': np.float64(0.0035855237394571303), 'fear': np.float64(0.3148786032199859), 'happy': np.float64(0.0006072298507206142), 'neutral': np.float64(0.002765887398272753), 'sad': np.float64(0.007920449138619005), 'surprise': np.float64(0.3585871309041977), 'anger': np.float64(0.0019077551941154528)}"
87,"{'disgust': np.float64(0.0037816746905446055), 'fear': np.float64(0.1905880522727966), 'happy': np.float64(0.0006250824546441436), 'neutral': np.float64(0.0029940211400389673), 'sad': np.float64(0.007402185532264412), 'surprise': np.float64(0.41018821597099303), 'anger': np.float64(0.0018867196753853933)}"
88,"{'disgust': np.float64(0.004040345065295697), 'fear': np.float64(0.2316445595026016), 'happy': np.float64(0.0006480797892436385), 'neutral': np.float64(0.003117444515228272), 'sad': np.float64(0.008015830237418415), 'surprise': np.float64(0.3924370169639587), 'anger': np.float64(0.0020506866183131935)}"
89,"{'disgust': np.float64(0.0041380076110363005), 'fear': np.float64(0.28965673685073845), 'happy': np.float64(0.0006731366273015737), 'neutral': np.float64(0.0031294974684715274), 'sad': np.float64(0.008562572458758952), 'surprise': np.float64(0.3678997218608856), 'anger': np.float64(0.0021490799600724134)}"
90,"{'disgust': np.float64(0.003680750653147698), 'fear': np.float64(0.27932627677917476), 'happy': np.float64(0.0006506747216917574), 'neutral': np.float64(0.0029087352752685544), 'sad': np.float64(0.005599108710885048), 'surprise': np.float64(0.37414557933807374), 'anger': np.float64(0.002085428860737011)}"
91,"{'disgust': np.float64(0.003546626269817353), 'fear': np.float64(0.22580502480268477), 'happy': np.float64(0.0006412484566681087), 'neutral': np.float64(0.00294047724455595), 'sad': np.float64(0.004278969937004149), 'surprise': np.float64(0.39713187217712403), 'anger': np.float64(0.0018862398032797503)}"
92,"{'disgust': np.float64(0.003975327089428902), 'fear': np.float64(0.21453451484441755), 'happy': np.float64(0.0006498021422885359), 'neutral': np.float64(0.0030487763509154317), 'sad': np.float64(0.004515268332324922), 'surprise': np.float64(0.40131577253341677), 'anger': np.float64(0.0018420320231234653)}"
93,"{'disgust': np.float64(0.003957818150520325), 'fear': np.float64(0.16330945283174514), 'happy': np.float64(0.0006620414671488107), 'neutral': np.float64(0.0032809612527489665), 'sad': np.float64(0.003944079084321856), 'surprise': np.float64(0.4226541221141815), 'anger': np.float64(0.0016779607837088407)}"
94,"{'disgust': np.float64(0.004201983660459518), 'fear': np.float64(0.14168161779642105), 'happy': np.float64(0.0006549155921675264), 'neutral': np.float64(0.0033966637775301933), 'sad': np.float64(0.004113387251272798), 'surprise': np.float64(0.43129380941390993), 'anger': np.float64(0.001708011596929282)}"
95,"{'disgust': np.float64(0.004377396032214165), 'fear': np.float64(0.1129524287581444), 'happy': np.float64(0.000648267730139196), 'neutral': np.float64(0.003971210829913616), 'sad': np.float64(0.004040851187892259), 'surprise': np.float64(0.44248353242874144), 'anger': np.float64(0.0016619481332600119)}"
96,"{'disgust': np.float64(0.004292673394083977), 'fear': np.float64(0.11983874022960664), 'happy': np.float64(0.000649378274101764), 'neutral': np.float64(0.003928968198597432), 'sad': np.float64(0.004126958409324288), 'surprise': np.float64(0.439668744802475), 'anger': np.float64(0.001730126656475477)}"
97,"{'disgust': np.float64(0.004215084761381149), 'fear': np.float64(0.1499975484609604), 'happy': np.float64(0.0006488405866548419), 'neutral': np.float64(0.004019266478717328), 'sad': np.float64(0.0046454524155706165), 'surprise': np.float64(0.4267916798591614), 'anger': np.float64(0.0018006623705150563)}"
98,"{'disgust': np.float64(0.004289518892765046), 'fear': np.float64(0.16804060399532317), 'happy': np.float64(0.0006151929148472846), 'neutral': np.float64(0.0038813136890530594), 'sad': np.float64(0.005011696708388627), 'surprise': np.float64(0.4192422449588776), 'anger': np.float64(0.0019530398445203902)}"
99,"{'disgust': np.float64(0.004242729917168618), 'fear': np.float64(0.13558190703392028), 'happy': np.float64(0.0006161740864627063), 'neutral': np.float64(0.0039555893465876586), 'sad': np.float64(0.004596389890648425), 'surprise': np.float64(0.43289982676506045), 'anger': np.float64(0.0018976775731425733)}"
100,"{'disgust': np.float64(0.004475236237049103), 'fear': np.float64(0.19691070735454558), 'happy': np.float64(0.0006200019037351012), 'neutral': np.float64(0.003494491688907147), 'sad': np.float64(0.006298112478107215), 'surprise': np.float64(0.4069730043411255), 'anger': np.float64(0.0020643069094512614)}"
101,"{'disgust': np.float64(0.0048979133367538456), 'fear': np.float64(0.21103444933891297), 'happy': np.float64(0.0006469903164543211), 'neutral': np.float64(0.00373584121465683), 'sad': np.float64(0.007024793326854706), 'surprise': np.float64(0.4001516580581665), 'anger': np.float64(0.0021466846414841716)}"
102,"{'disgust': np.float64(0.005470008477568627), 'fear': np.float64(0.19602923512458803), 'happy': np.float64(0.0006626919726841152), 'neutral': np.float64(0.004202793464064598), 'sad': np.float64(0.008202800108119846), 'surprise': np.float64(0.4049070358276367), 'anger': np.float64(0.002173844601493329)}"
103,"{'disgust': np.float64(0.006182168275117875), 'fear': np.float64(0.1853065037727356), 'happy': np.float64(0.0007071679225191474), 'neutral': np.float64(0.004933743998408317), 'sad': np.float64(0.009036257937550547), 'surprise': np.float64(0.4076032876968384), 'anger': np.float64(0.0021084092021919788)}"
104,"{'disgust': np.float64(0.0064053314179182055), 'fear': np.float64(0.1903931826353073), 'happy': np.float64(0.0006979266181588173), 'neutral': np.float64(0.005007900297641754), 'sad': np.float64(0.009230498671531678), 'surprise': np.float64(0.40516372919082644), 'anger': np.float64(0.0021634821861516687)}"
105,"{'disgust': np.float64(0.006060176640748978), 'fear': np.float64(0.126861257404089), 'happy': np.float64(0.000680983008351177), 'neutral': np.float64(0.005286084040999413), 'sad': np.float64(0.007363225771114232), 'surprise': np.float64(0.4324009418487549), 'anger': np.float64(0.0019658410834381356)}"
106,"{'disgust': np.float64(0.006478507593274116), 'fear': np.float64(0.12419871792197228), 'happy': np.float64(0.0006650537950918078), 'neutral': np.float64(0.005578789636492729), 'sad': np.float64(0.007793478872627021), 'surprise': np.float64(0.43269975781440734), 'anger': np.float64(0.0019881892582634462)}"
107,"{'disgust': np.float64(0.0061158864945173265), 'fear': np.float64(0.08872537270188333), 'happy': np.float64(0.000647679262328893), 'neutral': np.float64(0.00583964578807354), 'sad': np.float64(0.005730620385147632), 'surprise': np.float64(0.44836193323135376), 'anger': np.float64(0.0018269618664635344)}"
108,"{'disgust': np.float64(0.0061251562088727955), 'fear': np.float64(0.07771186709403992), 'happy': np.float64(0.0006039249594323338), 'neutral': np.float64(0.006711985990405084), 'sad': np.float64(0.005132408016361297), 'surprise': np.float64(0.45216339230537417), 'anger': np.float64(0.001870054829050787)}"
109,"{'disgust': np.float64(0.01108574226498604), 'fear': np.float64(0.04840580966323614), 'happy': np.float64(0.0007000399753451347), 'neutral': np.float64(0.05823122911155224), 'sad': np.float64(0.03042797535192222), 'surprise': np.float64(0.38519206196069716), 'anger': np.float64(0.002419834307511337)}"
110,"{'disgust': np.float64(0.018872438967227935), 'fear': np.float64(0.04364997860044241), 'happy': np.float64(0.0007796234334819019), 'neutral': np.float64(0.10827332407236101), 'sad': np.float64(0.07648030540440232), 'surprise': np.float64(0.29859197735786436), 'anger': np.float64(0.003349268389865756)}"
111,"{'disgust': np.float64(0.025846031904220586), 'fear': np.float64(0.017063550129532812), 'happy': np.float64(0.0008359089959412813), 'neutral': np.float64(0.1534112311899662), 'sad': np.float64(0.1331782636838034), 'surprise': np.float64(0.22296676710247992), 'anger': np.float64(0.003931653584586457)}"
112,"{'disgust': np.float64(0.032365553975105286), 'fear': np.float64(0.010210624560713769), 'happy': np.float64(0.0008768279454670847), 'neutral': np.float64(0.19914076909422876), 'sad': np.float64(0.1990803354419768), 'surprise': np.float64(0.1344941698014736), 'anger': np.float64(0.004520351567771286)}"
113,"{'disgust': np.float64(0.04104843854904175), 'fear': np.float64(0.006335193403065205), 'happy': np.float64(0.0009161893394775689), 'neutral': np.float64(0.22804578781127932), 'sad': np.float64(0.30803322643041614), 'surprise': np.float64(0.044878901168704036), 'anger': np.float64(0.0051933985948562624)}"
114,"{'disgust': np.float64(0.03999294936656952), 'fear': np.float64(0.0054654676280915734), 'happy': np.float64(0.0008782806340605021), 'neutral': np.float64(0.21198400974273685), 'sad': np.float64(0.3893196457624436), 'surprise': np.float64(0.029113087430596353), 'anger': np.float64(0.004912190581671893)}"
115,"{'disgust': np.float64(0.03736959040164948), 'fear': np.float64(0.004789418242871761), 'happy': np.float64(0.0009005130268633366), 'neutral': np.float64(0.2006029295921326), 'sad': np.float64(0.4396411752700806), 'surprise': np.float64(0.022427070513367654), 'anger': np.float64(0.00452776773367077)}"
116,"{'disgust': np.float64(0.03407193541526794), 'fear': np.float64(0.0039269978553056716), 'happy': np.float64(0.00086771787609905), 'neutral': np.float64(0.16914144039154053), 'sad': np.float64(0.5506814312934877), 'surprise': np.float64(0.013774458784610033), 'anger': np.float64(0.0042785455402918155)}"
117,"{'disgust': np.float64(0.03171647548675537), 'fear': np.float64(0.003300260938704014), 'happy': np.float64(0.0008749210042878986), 'neutral': np.float64(0.1322250211238861), 'sad': np.float64(0.6653183138370514), 'surprise': np.float64(0.00951808150857687), 'anger': np.float64(0.004404555473010987)}"
118,"{'disgust': np.float64(0.02338960096240044), 'fear': np.float64(0.002661627223715186), 'happy': np.float64(0.000906198495067656), 'neutral': np.float64(0.10266997814178466), 'sad': np.float64(0.7665447187423707), 'surprise': np.float64(0.005965551175177097), 'anger': np.float64(0.003929921071976423)}"
119,"{'disgust': np.float64(0.0198695681989193), 'fear': np.float64(0.0022200980130583046), 'happy': np.float64(0.0014042127528227865), 'neutral': np.float64(0.06892263740301133), 'sad': np.float64(0.8673628103733062), 'surprise': np.float64(0.004229090851731598), 'anger': np.float64(0.0038071380509063606)}"
120,"{'disgust': np.float64(0.014738678857684137), 'fear': np.float64(0.0019306011032313108), 'happy': np.float64(0.0016688345815055073), 'neutral': np.float64(0.030403731614351275), 'sad': np.float64(0.9838267040252686), 'surprise': np.float64(0.0025686097331345083), 'anger': np.float64(0.0033965636347420515)}"
121,"{'disgust': np.float64(0.010474935546517372), 'fear': np.float64(0.001794444378465414), 'happy': np.float64(0.0021591402939520775), 'neutral': np.float64(0.016453324481844906), 'sad': np.float64(1.0285988485813142), 'surprise': np.float64(0.0019287128467112779), 'anger': np.float64(0.0031373725377488886)}"
122,"{'disgust': np.float64(0.005986448675394059), 'fear': np.float64(0.0016662549879401922), 'happy': np.float64(0.003378718288149685), 'neutral': np.float64(0.007676017507910728), 'sad': np.float64(1.0578061771392822), 'surprise': np.float64(0.0013471971964463592), 'anger': np.float64(0.002618040451779962)}"
123,"{'disgust': np.float64(0.004994517266750336), 'fear': np.float64(0.0018145308271050452), 'happy': np.float64(0.004390054894611239), 'neutral': np.float64(0.006735842749476433), 'sad': np.float64(1.0593515861034395), 'surprise': np.float64(0.0013748558703809977), 'anger': np.float64(0.002568117982009426)}"
124,"{'disgust': np.float64(0.004351790621876716), 'fear': np.float64(0.002247117944061756), 'happy': np.float64(0.004028229881078005), 'neutral': np.float64(0.004398852642625571), 'sad': np.float64(1.0671093547344208), 'surprise': np.float64(0.0013371620792895556), 'anger': np.float64(0.0026671174343209716)}"
125,"{'disgust': np.float64(0.008770944476127624), 'fear': np.float64(0.0029054278135299686), 'happy': np.float64(0.005199170485138893), 'neutral': np.float64(0.004578314330428839), 'sad': np.float64(1.0552472496032714), 'surprise': np.float64(0.002236561360768974), 'anger': np.float64(0.0030449823790695517)}"
126,"{'disgust': np.float64(0.016201226860284808), 'fear': np.float64(0.00576591339893639), 'happy': np.float64(0.007995325932279229), 'neutral': np.float64(0.017339518200606106), 'sad': np.float64(0.9732974720001222), 'surprise': np.float64(0.014833500073291362), 'anger': np.float64(0.0034758220356889066)}"
127,"{'disgust': np.float64(0.021245889440178873), 'fear': np.float64(0.025388462170958515), 'happy': np.float64(0.008279306115582585), 'neutral': np.float64(0.018691529761999844), 'sad': np.float64(0.7914824703335762), 'surprise': np.float64(0.08407884147018194), 'anger': np.float64(0.004064024159451947)}"
128,"{'disgust': np.float64(0.022666997238993646), 'fear': np.float64(0.04908148895949125), 'happy': np.float64(0.0075537292286753654), 'neutral': np.float64(0.018486110735684635), 'sad': np.float64(0.5835185721516609), 'surprise': np.float64(0.1688012442784384), 'anger': np.float64(0.0042419890803284946)}"
129,"{'disgust': np.float64(0.02390396371483803), 'fear': np.float64(0.1013694118335843), 'happy': np.float64(0.007851536571979522), 'neutral': np.float64(0.018641407787799835), 'sad': np.float64(0.37176546551287176), 'surprise': np.float64(0.24198182467371226), 'anger': np.float64(0.0043607825622893875)}"
130,"{'disgust': np.float64(0.020729751437902448), 'fear': np.float64(0.1992812566459179), 'happy': np.float64(0.0068335913121700285), 'neutral': np.float64(0.017573272846639156), 'sad': np.float64(0.177332901135087), 'surprise': np.float64(0.2938733249902725), 'anger': np.float64(0.004530259517487139)}"
131,"{'disgust': np.float64(0.015959325283765792), 'fear': np.float64(0.2996930229663849), 'happy': np.float64(0.0038483747281134128), 'neutral': np.float64(0.004284877143800259), 'sad': np.float64(0.0538025163859129), 'surprise': np.float64(0.33072425425052643), 'anger': np.float64(0.004767374657094479)}"
132,"{'disgust': np.float64(0.012951158434152604), 'fear': np.float64(0.45323026835918423), 'happy': np.float64(0.002397122955881059), 'neutral': np.float64(0.0016065488290041684), 'sad': np.float64(0.03191950593143702), 'surprise': np.float64(0.28333985060453415), 'anger': np.float64(0.004994476684369147)}"
133,"{'disgust': np.float64(0.014739488065242768), 'fear': np.float64(0.5744072127342223), 'happy': np.float64(0.0023088914575055243), 'neutral': np.float64(0.0013814180996268987), 'sad': np.float64(0.0387023762986064), 'surprise': np.float64(0.22891326397657394), 'anger': np.float64(0.0056455225660465656)}"
134,"{'disgust': np.float64(0.017873222529888152), 'fear': np.float64(0.5893118262290955), 'happy': np.float64(0.0024180332897230984), 'neutral': np.float64(0.0016926636826246975), 'sad': np.float64(0.04395611751824617), 'surprise': np.float64(0.21778628677129747), 'anger': np.float64(0.006091140385251492)}"
135,"{'disgust': np.float64(0.02518143057823181), 'fear': np.float64(0.5555471348762512), 'happy': np.float64(0.002506450773216784), 'neutral': np.float64(0.002130806287750602), 'sad': np.float64(0.060739098824560654), 'surprise': np.float64(0.21883784979581833), 'anger': np.float64(0.007236313140019775)}"
136,"{'disgust': np.float64(0.026842054128646854), 'fear': np.float64(0.5632404327392578), 'happy': np.float64(0.002842389070428908), 'neutral': np.float64(0.002457367470487952), 'sad': np.float64(0.09782918442040682), 'surprise': np.float64(0.19686310440301896), 'anger': np.float64(0.008030116371810437)}"
137,"{'disgust': np.float64(0.0287124365568161), 'fear': np.float64(0.5113267135620118), 'happy': np.float64(0.0032183174043893814), 'neutral': np.float64(0.0028877767547965056), 'sad': np.float64(0.1442019007354975), 'surprise': np.float64(0.1952446848154068), 'anger': np.float64(0.008573880000039936)}"
138,"{'disgust': np.float64(0.03311367958784104), 'fear': np.float64(0.539708104133606), 'happy': np.float64(0.0032687409315258265), 'neutral': np.float64(0.0030009379237890244), 'sad': np.float64(0.15588713824748995), 'surprise': np.float64(0.17511877343058585), 'anger': np.float64(0.008860323335975409)}"
139,"{'disgust': np.float64(0.039310593307018284), 'fear': np.float64(0.6076903653144836), 'happy': np.float64(0.0031289285980165005), 'neutral': np.float64(0.003110126182436943), 'sad': np.float64(0.17683214351534846), 'surprise': np.float64(0.13329217210412025), 'anger': np.float64(0.009545171312056483)}"
140,"{'disgust': np.float64(0.03594231218099594), 'fear': np.float64(0.7001449012756348), 'happy': np.float64(0.0028466883581131698), 'neutral': np.float64(0.0028170036152005196), 'sad': np.float64(0.1796665658056736), 'surprise': np.float64(0.0962787188589573), 'anger': np.float64(0.009273449876345694)}"
141,"{'disgust': np.float64(0.03666335314512252), 'fear': np.float64(0.7234120845794678), 'happy': np.float64(0.002734933001920581), 'neutral': np.float64(0.0029806577041745184), 'sad': np.float64(0.1641201801598072), 'surprise': np.float64(0.09314366951584815), 'anger': np.float64(0.009046984021551907)}"
142,"{'disgust': np.float64(0.04226028084754944), 'fear': np.float64(0.7415484380722047), 'happy': np.float64(0.0026916037779301403), 'neutral': np.float64(0.0030441010743379594), 'sad': np.float64(0.13750526487827303), 'surprise': np.float64(0.09411194697022437), 'anger': np.float64(0.009286002409644426)}"
143,"{'disgust': np.float64(0.040710961222648626), 'fear': np.float64(0.7310157823562622), 'happy': np.float64(0.0026158031076192858), 'neutral': np.float64(0.002992052175104618), 'sad': np.float64(0.1494989985227585), 'surprise': np.float64(0.09409573450684547), 'anger': np.float64(0.009672359325923027)}"
144,"{'disgust': np.float64(0.03817935347557068), 'fear': np.float64(0.6809349346160889), 'happy': np.float64(0.0027827335055917502), 'neutral': np.float64(0.0034784105792641643), 'sad': np.float64(0.14825215995311736), 'surprise': np.float64(0.11633243784308434), 'anger': np.float64(0.009699871945194902)}"
145,"{'disgust': np.float64(0.04256046354770661), 'fear': np.float64(0.6555294942855834), 'happy': np.float64(0.0026970843784511088), 'neutral': np.float64(0.003492832966148854), 'sad': np.float64(0.1656329606473446), 'surprise': np.float64(0.11629001125693321), 'anger': np.float64(0.010053810481913387)}"
146,"{'disgust': np.float64(0.04473613619804383), 'fear': np.float64(0.5331744557619096), 'happy': np.float64(0.0027640459127724172), 'neutral': np.float64(0.004412784464657307), 'sad': np.float64(0.14265428960323334), 'surprise': np.float64(0.17523624524474143), 'anger': np.float64(0.009453603182919323)}"
147,"{'disgust': np.float64(0.04027516186237336), 'fear': np.float64(0.4169163537025451), 'happy': np.float64(0.0034455935005098582), 'neutral': np.float64(0.006274609453976154), 'sad': np.float64(0.12730442717671395), 'surprise': np.float64(0.23055923506617546), 'anger': np.float64(0.008674732609651983)}"
148,"{'disgust': np.float64(0.04873277008533479), 'fear': np.float64(0.28792004585266107), 'happy': np.float64(0.0040987264830619095), 'neutral': np.float64(0.0086345449462533), 'sad': np.float64(0.1179235500097275), 'surprise': np.float64(0.279474726319313), 'anger': np.float64(0.009963972447440027)}"
149,"{'disgust': np.float64(0.051485276222229), 'fear': np.float64(0.22281486868858336), 'happy': np.float64(0.005044919019564986), 'neutral': np.float64(0.012310870401561261), 'sad': np.float64(0.11688208103179931), 'surprise': np.float64(0.2997275471687317), 'anger': np.float64(0.01049600463360548)}"
150,"{'disgust': np.float64(0.05351349115371704), 'fear': np.float64(0.21945425391197207), 'happy': np.float64(0.005301784025505185), 'neutral': np.float64(0.012506923750042916), 'sad': np.float64(0.12039065033197402), 'surprise': np.float64(0.2977637842297554), 'anger': np.float64(0.010493842195719482)}"
151,"{'disgust': np.float64(0.05739345371723176), 'fear': np.float64(0.2802822142839432), 'happy': np.float64(0.005565335927531123), 'neutral': np.float64(0.012238901033997537), 'sad': np.float64(0.16811441317200662), 'surprise': np.float64(0.2481917068362236), 'anger': np.float64(0.011615859759040179)}"
152,"{'disgust': np.float64(0.07484118103981019), 'fear': np.float64(0.3306355082988739), 'happy': np.float64(0.005146266287192702), 'neutral': np.float64(0.011080802753567695), 'sad': np.float64(0.20675757393240932), 'surprise': np.float64(0.20040308684110641), 'anger': np.float64(0.012885989448986949)}"
153,"{'disgust': np.float64(0.07293153405189515), 'fear': np.float64(0.3570300257205963), 'happy': np.float64(0.005038610426709056), 'neutral': np.float64(0.010002289041876793), 'sad': np.float64(0.21198265254497528), 'surprise': np.float64(0.1898789659142494), 'anger': np.float64(0.011650408962741495)}"
154,"{'disgust': np.float64(0.06955781400203706), 'fear': np.float64(0.44507801771163935), 'happy': np.float64(0.0037902158219367266), 'neutral': np.float64(0.005879353657364845), 'sad': np.float64(0.21859358251094824), 'surprise': np.float64(0.15881936401128768), 'anger': np.float64(0.010897824135608972)}"
155,"{'disgust': np.float64(0.06607538044452668), 'fear': np.float64(0.3849913215637207), 'happy': np.float64(0.003800998767837882), 'neutral': np.float64(0.006262582316994667), 'sad': np.float64(0.19294944062829017), 'surprise': np.float64(0.19729841649532318), 'anger': np.float64(0.010279068662784996)}"
156,"{'disgust': np.float64(0.06698813736438751), 'fear': np.float64(0.4386120772361755), 'happy': np.float64(0.0034870534669607877), 'neutral': np.float64(0.005659820288419723), 'sad': np.float64(0.19544048205018044), 'surprise': np.float64(0.1743147313594818), 'anger': np.float64(0.010318390387110413)}"
157,"{'disgust': np.float64(0.06240708649158479), 'fear': np.float64(0.4553291988372803), 'happy': np.float64(0.003577065700665116), 'neutral': np.float64(0.006043004244565964), 'sad': np.float64(0.18799911424517632), 'surprise': np.float64(0.1729971170425415), 'anger': np.float64(0.010496665346436205)}"
158,"{'disgust': np.float64(0.06553747713565826), 'fear': np.float64(0.419982231259346), 'happy': np.float64(0.0036278713028877973), 'neutral': np.float64(0.006922203004360199), 'sad': np.float64(0.17750913113355637), 'surprise': np.float64(0.18923653066158294), 'anger': np.float64(0.011428887844085694)}"
159,"{'disgust': np.float64(0.07314168930053712), 'fear': np.float64(0.33736986637115474), 'happy': np.float64(0.004037890722975135), 'neutral': np.float64(0.009314382821321488), 'sad': np.float64(0.17016578316688538), 'surprise': np.float64(0.2187317430973053), 'anger': np.float64(0.012120842849835754)}"
160,"{'disgust': np.float64(0.08409097313880921), 'fear': np.float64(0.28176871955394744), 'happy': np.float64(0.004944178182631731), 'neutral': np.float64(0.01686616651713848), 'sad': np.float64(0.1859876848757267), 'surprise': np.float64(0.21734075546264647), 'anger': np.float64(0.013218480441719294)}"
161,"{'disgust': np.float64(0.083456529378891), 'fear': np.float64(0.16728759348392486), 'happy': np.float64(0.007575911562889814), 'neutral': np.float64(0.028603892028331756), 'sad': np.float64(0.15158376738429072), 'surprise': np.float64(0.26382761597633364), 'anger': np.float64(0.012873603790067138)}"
162,"{'disgust': np.float64(0.08067129373550416), 'fear': np.float64(0.08836982935667037), 'happy': np.float64(0.009910450503230094), 'neutral': np.float64(0.03968459516763687), 'sad': np.float64(0.15433118149638178), 'surprise': np.float64(0.28111361563205717), 'anger': np.float64(0.012271857811138034)}"
163,"{'disgust': np.float64(0.11277167797088623), 'fear': np.float64(0.11437295347452163), 'happy': np.float64(0.00993454847484827), 'neutral': np.float64(0.03907983213663101), 'sad': np.float64(0.21173255115747452), 'surprise': np.float64(0.224822236597538), 'anger': np.float64(0.012484655845910311)}"
164,"{'disgust': np.float64(0.1541572940349579), 'fear': np.float64(0.13770448297262192), 'happy': np.float64(0.009755778079852461), 'neutral': np.float64(0.03709384754300117), 'sad': np.float64(0.25207468748092654), 'surprise': np.float64(0.1735366940498352), 'anger': np.float64(0.012620950494892896)}"
165,"{'disgust': np.float64(0.17019525051116946), 'fear': np.float64(0.1328620755672455), 'happy': np.float64(0.011656735884025693), 'neutral': np.float64(0.04215843752026558), 'sad': np.float64(0.2627160292863846), 'surprise': np.float64(0.15247635543346405), 'anger': np.float64(0.012531763068400323)}"
166,"{'disgust': np.float64(0.18745946764945984), 'fear': np.float64(0.1276801796257496), 'happy': np.float64(0.011262164684012532), 'neutral': np.float64(0.045587454587221146), 'sad': np.float64(0.26522985458374027), 'surprise': np.float64(0.1386665493249893), 'anger': np.float64(0.013427389408461752)}"
167,"{'disgust': np.float64(0.2023503112792969), 'fear': np.float64(0.1192720252275467), 'happy': np.float64(0.011470034765079618), 'neutral': np.float64(0.06387265637516976), 'sad': np.float64(0.24671938344836236), 'surprise': np.float64(0.11822175532579422), 'anger': np.float64(0.013370888861827555)}"
168,"{'disgust': np.float64(0.1899904894828796), 'fear': np.float64(0.07590199917554856), 'happy': np.float64(0.013709305273368954), 'neutral': np.float64(0.07896313324570656), 'sad': np.float64(0.21548005118966101), 'surprise': np.float64(0.13730726540088653), 'anger': np.float64(0.012177704428322614)}"
169,"{'disgust': np.float64(0.1614348936080933), 'fear': np.float64(0.04099369078874587), 'happy': np.float64(0.014779186435043811), 'neutral': np.float64(0.08705904841423036), 'sad': np.float64(0.21859982267022135), 'surprise': np.float64(0.1571055218577385), 'anger': np.float64(0.012092573377303779)}"
170,"{'disgust': np.float64(0.1370339298248291), 'fear': np.float64(0.034601444676518434), 'happy': np.float64(0.014550858922302724), 'neutral': np.float64(0.12560578107833864), 'sad': np.float64(0.1862801314890385), 'surprise': np.float64(0.14201270490884782), 'anger': np.float64(0.010496306840796023)}"
171,"{'disgust': np.float64(0.12364658474922181), 'fear': np.float64(0.02960964895784855), 'happy': np.float64(0.01395037230104208), 'neutral': np.float64(0.15274766206741336), 'sad': np.float64(0.1784752379357815), 'surprise': np.float64(0.1228868156671524), 'anger': np.float64(0.009217270447406918)}"
172,"{'disgust': np.float64(0.11378183722496034), 'fear': np.float64(0.02985143132507801), 'happy': np.float64(0.012522201612591743), 'neutral': np.float64(0.15631943702697754), 'sad': np.float64(0.1987557211518288), 'surprise': np.float64(0.11676045358181), 'anger': np.float64(0.008821260512340815)}"
173,"{'disgust': np.float64(0.0888425374031067), 'fear': np.float64(0.02341371964663267), 'happy': np.float64(0.011398502066731453), 'neutral': np.float64(0.19356611728668213), 'sad': np.float64(0.17112582683563232), 'surprise': np.float64(0.10231345444917679), 'anger': np.float64(0.007834425342734904)}"
174,"{'disgust': np.float64(0.07753054261207581), 'fear': np.float64(0.01130688663572073), 'happy': np.float64(0.01285990495234728), 'neutral': np.float64(0.22972231626510622), 'sad': np.float64(0.12527897834777832), 'surprise': np.float64(0.08870454579591751), 'anger': np.float64(0.007253123351838439)}"
175,"{'disgust': np.float64(0.08996887326240541), 'fear': np.float64(0.013121543638408183), 'happy': np.float64(0.011781026050448418), 'neutral': np.float64(0.21033337831497195), 'sad': np.float64(0.1597961562871933), 'surprise': np.float64(0.08965944647789001), 'anger': np.float64(0.008123957803472876)}"
176,"{'disgust': np.float64(0.09021485805511475), 'fear': np.float64(0.012743831053376198), 'happy': np.float64(0.011840570904314517), 'neutral': np.float64(0.21986661672592164), 'sad': np.float64(0.17209974080324172), 'surprise': np.float64(0.07215171828866004), 'anger': np.float64(0.007768963887356222)}"
177,"{'disgust': np.float64(0.08258868575096132), 'fear': np.float64(0.010814701616764066), 'happy': np.float64(0.011938817985355853), 'neutral': np.float64(0.23758211612701413), 'sad': np.float64(0.16783582866191865), 'surprise': np.float64(0.057539143785834315), 'anger': np.float64(0.0070142022590152925)}"
178,"{'disgust': np.float64(0.08738422036170959), 'fear': np.float64(0.010272559225559235), 'happy': np.float64(0.011731437034904956), 'neutral': np.float64(0.2376400423049927), 'sad': np.float64(0.18541336894035337), 'surprise': np.float64(0.046936207078397275), 'anger': np.float64(0.006870423019863665)}"
179,"{'disgust': np.float64(0.10986878633499146), 'fear': np.float64(0.009473362863063812), 'happy': np.float64(0.009932711999863387), 'neutral': np.float64(0.21453908205032346), 'sad': np.float64(0.2521105843782425), 'surprise': np.float64(0.03361926916986704), 'anger': np.float64(0.006591942016966642)}"
180,"{'disgust': np.float64(0.09961387991905213), 'fear': np.float64(0.006267518810927868), 'happy': np.float64(0.009559379983693361), 'neutral': np.float64(0.24409065961837767), 'sad': np.float64(0.22277447119355204), 'surprise': np.float64(0.018295591697096825), 'anger': np.float64(0.005582692630123348)}"
181,"{'disgust': np.float64(0.10563790917396546), 'fear': np.float64(0.005370334591716528), 'happy': np.float64(0.00905180098488927), 'neutral': np.float64(0.22134912967681886), 'sad': np.float64(0.2915818111598492), 'surprise': np.float64(0.012541081197559834), 'anger': np.float64(0.005717531603295356)}"
182,"{'disgust': np.float64(0.09936192691326143), 'fear': np.float64(0.00433776956051588), 'happy': np.float64(0.01006325362250209), 'neutral': np.float64(0.20579912662506103), 'sad': np.float64(0.3483582191169262), 'surprise': np.float64(0.009537767991423607), 'anger': np.float64(0.005560251851566137)}"
183,"{'disgust': np.float64(0.08691819369792939), 'fear': np.float64(0.0037732654530555007), 'happy': np.float64(0.009296771697700023), 'neutral': np.float64(0.15778849005699155), 'sad': np.float64(0.5055444251000882), 'surprise': np.float64(0.00689796571386978), 'anger': np.float64(0.005460094239097088)}"
184,"{'disgust': np.float64(0.05014065831899643), 'fear': np.float64(0.0024797995481640103), 'happy': np.float64(0.009864650201052427), 'neutral': np.float64(0.15319620490074157), 'sad': np.float64(0.5752478598058224), 'surprise': np.float64(0.004062475392129272), 'anger': np.float64(0.004526960933580995)}"
185,"{'disgust': np.float64(0.03896689653396607), 'fear': np.float64(0.0023097721114754676), 'happy': np.float64(0.010482218768447637), 'neutral': np.float64(0.10664088487625123), 'sad': np.float64(0.720732941031456), 'surprise': np.float64(0.00256534512154758), 'anger': np.float64(0.004518155062105507)}"
186,"{'disgust': np.float64(0.02302866339683533), 'fear': np.float64(0.0020202456414699552), 'happy': np.float64(0.011555560771375895), 'neutral': np.float64(0.09891759157180788), 'sad': np.float64(0.7640294247865678), 'surprise': np.float64(0.0015611654380336404), 'anger': np.float64(0.004436113785486669)}"
187,"{'disgust': np.float64(0.019544302523136138), 'fear': np.float64(0.0019086273014545438), 'happy': np.float64(0.010657159704715013), 'neutral': np.float64(0.07983021259307863), 'sad': np.float64(0.8244457519054414), 'surprise': np.float64(0.0010361294262111187), 'anger': np.float64(0.004714646972715855)}"
188,"{'disgust': np.float64(0.017989957481622697), 'fear': np.float64(0.001892434833571315), 'happy': np.float64(0.012691648118197918), 'neutral': np.float64(0.10300901293754579), 'sad': np.float64(0.7583937168121337), 'surprise': np.float64(0.0010474890586920083), 'anger': np.float64(0.004606260403525085)}"
189,"{'disgust': np.float64(0.018053046315908435), 'fear': np.float64(0.001838072827085853), 'happy': np.float64(0.011794407200068236), 'neutral': np.float64(0.10595598816871643), 'sad': np.float64(0.7522733056545257), 'surprise': np.float64(0.0010071518365293742), 'anger': np.float64(0.004724675819743425)}"
190,"{'disgust': np.float64(0.016978099942207333), 'fear': np.float64(0.0017779495753347876), 'happy': np.float64(0.010592808108776807), 'neutral': np.float64(0.09924519538879395), 'sad': np.float64(0.7750620329380035), 'surprise': np.float64(0.0009782225242815912), 'anger': np.float64(0.004460553989047184)}"
191,"{'disgust': np.float64(0.011655146479606629), 'fear': np.float64(0.0016479468159377574), 'happy': np.float64(0.009296903479844331), 'neutral': np.float64(0.0856381279230118), 'sad': np.float64(0.8232584333419799), 'surprise': np.float64(0.0008716697338968515), 'anger': np.float64(0.003746599967125803)}"
192,"{'disgust': np.float64(0.00938276454806328), 'fear': np.float64(0.0015881327446550131), 'happy': np.float64(0.008595202397555114), 'neutral': np.float64(0.08071376264095306), 'sad': np.float64(0.8418794882297516), 'surprise': np.float64(0.0007760212873108685), 'anger': np.float64(0.003336497736163438)}"
193,"{'disgust': np.float64(0.008398030996322633), 'fear': np.float64(0.0015209584403783082), 'happy': np.float64(0.006431938800960779), 'neutral': np.float64(0.057285475730896), 'sad': np.float64(0.9126849675178528), 'surprise': np.float64(0.0006932032527402043), 'anger': np.float64(0.0032780946628190575)}"
194,"{'disgust': np.float64(0.006871660053730011), 'fear': np.float64(0.0014449106203392147), 'happy': np.float64(0.006220616400241852), 'neutral': np.float64(0.04665887594223023), 'sad': np.float64(0.9447378349304201), 'surprise': np.float64(0.0006269645702559501), 'anger': np.float64(0.0031353936111554507)}"
195,"{'disgust': np.float64(0.00944419488310814), 'fear': np.float64(0.0014042588928714394), 'happy': np.float64(0.006282571703195572), 'neutral': np.float64(0.054741010665893555), 'sad': np.float64(0.9186187410354616), 'surprise': np.float64(0.0006688482186291367), 'anger': np.float64(0.0035998792422469706)}"
196,"{'disgust': np.float64(0.010674692541360855), 'fear': np.float64(0.0013318784767761827), 'happy': np.float64(0.005031533678993583), 'neutral': np.float64(0.04910247534513474), 'sad': np.float64(0.9351627850532532), 'surprise': np.float64(0.0006535845284815877), 'anger': np.float64(0.003944301644805819)}"
197,"{'disgust': np.float64(0.012393727600574495), 'fear': np.float64(0.0012778643192723391), 'happy': np.float64(0.004323945799842477), 'neutral': np.float64(0.05668933242559433), 'sad': np.float64(0.9133797872066498), 'surprise': np.float64(0.0006855013372842223), 'anger': np.float64(0.004201993579044938)}"
198,"{'disgust': np.float64(0.016065247654914856), 'fear': np.float64(0.0012100442592054604), 'happy': np.float64(0.0051143544260412455), 'neutral': np.float64(0.1097139599919319), 'sad': np.float64(0.7604161381721497), 'surprise': np.float64(0.0008154713257681578), 'anger': np.float64(0.0045822008280083535)}"
199,"{'disgust': np.float64(0.019155287444591527), 'fear': np.float64(0.0013336793007329105), 'happy': np.float64(0.006913182372227311), 'neutral': np.float64(0.13172368317842484), 'sad': np.float64(0.6909392833709717), 'surprise': np.float64(0.0010140456026419998), 'anger': np.float64(0.005128080195281655)}"
200,"{'disgust': np.float64(0.017932958602905273), 'fear': np.float64(0.0011868046573363243), 'happy': np.float64(0.0070355501491576435), 'neutral': np.float64(0.18892494946718216), 'sad': np.float64(0.5349242611974478), 'surprise': np.float64(0.0012375992722809316), 'anger': np.float64(0.004468187770107762)}"
201,"{'disgust': np.float64(0.02101536422967911), 'fear': np.float64(0.001288278044667095), 'happy': np.float64(0.007541914284229278), 'neutral': np.float64(0.25262443780899047), 'sad': np.float64(0.3305292018130422), 'surprise': np.float64(0.012090245890431107), 'anger': np.float64(0.004187272508861497)}"
202,"{'disgust': np.float64(0.03010749638080597), 'fear': np.float64(0.005593575693201273), 'happy': np.float64(0.00746855502948165), 'neutral': np.float64(0.24170461356639864), 'sad': np.float64(0.19415056515485046), 'surprise': np.float64(0.08026439410168677), 'anger': np.float64(0.004576794625027105)}"
203,"{'disgust': np.float64(0.030119570195674898), 'fear': np.float64(0.010298238603863865), 'happy': np.float64(0.006143002165481448), 'neutral': np.float64(0.1851131547987461), 'sad': np.float64(0.152472350820899), 'surprise': np.float64(0.16938021378591656), 'anger': np.float64(0.0041172637627460065)}"
204,"{'disgust': np.float64(0.02935261636972427), 'fear': np.float64(0.01194677508668974), 'happy': np.float64(0.003964021010324359), 'neutral': np.float64(0.157757059186697), 'sad': np.float64(0.035732891215011484), 'surprise': np.float64(0.25873103938065467), 'anger': np.float64(0.003367845579050481)}"
205,"{'disgust': np.float64(0.03214259386062622), 'fear': np.float64(0.01779552273452282), 'happy': np.float64(0.002930661151185632), 'neutral': np.float64(0.08469420820474624), 'sad': np.float64(0.031093227891251445), 'surprise': np.float64(0.3490015111863613), 'anger': np.float64(0.00348981837159954)}"
206,"{'disgust': np.float64(0.03271708071231842), 'fear': np.float64(0.02390772633254528), 'happy': np.float64(0.002275949576869607), 'neutral': np.float64(0.019192069247365), 'sad': np.float64(0.031793889431282876), 'surprise': np.float64(0.4283224940299988), 'anger': np.float64(0.0034099013870581988)}"
207,"{'disgust': np.float64(0.028281726837158204), 'fear': np.float64(0.02201901867985725), 'happy': np.float64(0.002074890956282616), 'neutral': np.float64(0.014478460028767588), 'sad': np.float64(0.013576063448563219), 'surprise': np.float64(0.4463741958141327), 'anger': np.float64(0.0026737079618033024)}"
208,"{'disgust': np.float64(0.02554866135120392), 'fear': np.float64(0.020467527285218234), 'happy': np.float64(0.0017980173230171203), 'neutral': np.float64(0.013017594665288925), 'sad': np.float64(0.010177036696113645), 'surprise': np.float64(0.4524089813232422), 'anger': np.float64(0.0024740379315335305)}"
209,"{'disgust': np.float64(0.025222430825233462), 'fear': np.float64(0.019974608123302456), 'happy': np.float64(0.0016566131729632617), 'neutral': np.float64(0.011817578524351122), 'sad': np.float64(0.009446042790077627), 'surprise': np.float64(0.4548006057739258), 'anger': np.float64(0.002420391499763355)}"
210,"{'disgust': np.float64(0.024796361923217776), 'fear': np.float64(0.01675744749605656), 'happy': np.float64(0.0016797054791823029), 'neutral': np.float64(0.01336167097091675), 'sad': np.float64(0.00827064570505172), 'surprise': np.float64(0.45499646067619326), 'anger': np.float64(0.002370700683677569)}"
211,"{'disgust': np.float64(0.02376399487257004), 'fear': np.float64(0.011417528986930846), 'happy': np.float64(0.0018505780724808573), 'neutral': np.float64(0.02359642706811428), 'sad': np.float64(0.005919818240217865), 'surprise': np.float64(0.44597327709198), 'anger': np.float64(0.00235594998463057)}"
212,"{'disgust': np.float64(0.02690249353647232), 'fear': np.float64(0.009933238662779332), 'happy': np.float64(0.0021707836771383882), 'neutral': np.float64(0.044017915949225425), 'sad': np.float64(0.005728887929581106), 'surprise': np.float64(0.4188477873802185), 'anger': np.float64(0.0024930039048194886)}"
213,"{'disgust': np.float64(0.032618815004825594), 'fear': np.float64(0.008956866972148418), 'happy': np.float64(0.0024062634212896226), 'neutral': np.float64(0.05008248001337051), 'sad': np.float64(0.006867468412965536), 'surprise': np.float64(0.40730597376823424), 'anger': np.float64(0.0027547040360514077)}"
214,"{'disgust': np.float64(0.041774648725986484), 'fear': np.float64(0.01069237980991602), 'happy': np.float64(0.002554899617098272), 'neutral': np.float64(0.05710357666015625), 'sad': np.float64(0.010791655965149404), 'surprise': np.float64(0.3900615036487579), 'anger': np.float64(0.0033139919617678967)}"
215,"{'disgust': np.float64(0.052280683815479276), 'fear': np.float64(0.009661983847618103), 'happy': np.float64(0.0029702575877308844), 'neutral': np.float64(0.07580580830574035), 'sad': np.float64(0.01158863234333694), 'surprise': np.float64(0.35969060063362124), 'anger': np.float64(0.003801001700339839)}"
216,"{'disgust': np.float64(0.05153828263282776), 'fear': np.float64(0.010026312433183193), 'happy': np.float64(0.002909532398916781), 'neutral': np.float64(0.07174635708332061), 'sad': np.float64(0.012043754598125817), 'surprise': np.float64(0.3649294912815094), 'anger': np.float64(0.0038101037882734092)}"
217,"{'disgust': np.float64(0.045111574232578285), 'fear': np.float64(0.010510975420475004), 'happy': np.float64(0.0024451579665765166), 'neutral': np.float64(0.05484321534633637), 'sad': np.float64(0.011620643585920335), 'surprise': np.float64(0.3905620455741882), 'anger': np.float64(0.003610577860381454)}"
218,"{'disgust': np.float64(0.040238618850708015), 'fear': np.float64(0.009533145613968372), 'happy': np.float64(0.002450606762431562), 'neutral': np.float64(0.05316617250442505), 'sad': np.float64(0.010614370163530113), 'surprise': np.float64(0.39659342765808103), 'anger': np.float64(0.003423995812190697)}"
219,"{'disgust': np.float64(0.03097953975200653), 'fear': np.float64(0.0077862518280744555), 'happy': np.float64(0.002397896652109921), 'neutral': np.float64(0.04943758130073548), 'sad': np.float64(0.006987237120047213), 'surprise': np.float64(0.40954881310462954), 'anger': np.float64(0.002937662701588124)}"
220,"{'disgust': np.float64(0.017933948338031767), 'fear': np.float64(0.009248326756060124), 'happy': np.float64(0.0018639090470969678), 'neutral': np.float64(0.03068366318941117), 'sad': np.float64(0.0055497287586331375), 'surprise': np.float64(0.4418034255504608), 'anger': np.float64(0.002438446376472712)}"
221,"{'disgust': np.float64(0.01644351065158844), 'fear': np.float64(0.010148760527372359), 'happy': np.float64(0.0017279976280406117), 'neutral': np.float64(0.026778523921966557), 'sad': np.float64(0.00533342331647873), 'surprise': np.float64(0.4474919378757477), 'anger': np.float64(0.0023360867006704212)}"
222,"{'disgust': np.float64(0.014964758455753327), 'fear': np.float64(0.010674166157841683), 'happy': np.float64(0.001589625678025186), 'neutral': np.float64(0.022589064538478854), 'sad': np.float64(0.004666784843429923), 'surprise': np.float64(0.4538927793502808), 'anger': np.float64(0.0022286496264860038)}"
223,"{'disgust': np.float64(0.015909178555011748), 'fear': np.float64(0.011798740737140179), 'happy': np.float64(0.0015256556449458002), 'neutral': np.float64(0.022231799066066742), 'sad': np.float64(0.004898236133158207), 'surprise': np.float64(0.4532389223575592), 'anger': np.float64(0.002230911524966359)}"
224,"{'disgust': np.float64(0.01488858014345169), 'fear': np.float64(0.017328384965658188), 'happy': np.float64(0.0013057427480816842), 'neutral': np.float64(0.01763849273324013), 'sad': np.float64(0.004985047820955515), 'surprise': np.float64(0.4575005769729614), 'anger': np.float64(0.0021955110237468034)}"
225,"{'disgust': np.float64(0.021515239477157593), 'fear': np.float64(0.026978565752506255), 'happy': np.float64(0.0014506581239402295), 'neutral': np.float64(0.01768423065543175), 'sad': np.float64(0.009150945143774153), 'surprise': np.float64(0.4471803903579712), 'anger': np.float64(0.0025796014943625777)}"
226,"{'disgust': np.float64(0.027895608842372892), 'fear': np.float64(0.03621629923582077), 'happy': np.float64(0.001642642542719841), 'neutral': np.float64(0.019276342540979388), 'sad': np.float64(0.014163696374744178), 'surprise': np.float64(0.43482145071029665), 'anger': np.float64(0.0029608998144976793)}"
227,"{'disgust': np.float64(0.03332908540964126), 'fear': np.float64(0.039632561132311825), 'happy': np.float64(0.001704402221366763), 'neutral': np.float64(0.019948533326387408), 'sad': np.float64(0.016721043791621926), 'surprise': np.float64(0.4278915226459503), 'anger': np.float64(0.0032469319913070644)}"
228,"{'disgust': np.float64(0.04209599375724793), 'fear': np.float64(0.040090668126940725), 'happy': np.float64(0.001946662925183773), 'neutral': np.float64(0.037793243080377584), 'sad': np.float64(0.018919193884357813), 'surprise': np.float64(0.3986057221889496), 'anger': np.float64(0.0036703715054318313)}"
229,"{'disgust': np.float64(0.052235390543937686), 'fear': np.float64(0.042546576485037804), 'happy': np.float64(0.0022761822445318105), 'neutral': np.float64(0.0455625233054161), 'sad': np.float64(0.027228409033268695), 'surprise': np.float64(0.3773251473903656), 'anger': np.float64(0.004303540030959994)}"
230,"{'disgust': np.float64(0.05371866226196289), 'fear': np.float64(0.06980016611516475), 'happy': np.float64(0.002233981341123581), 'neutral': np.float64(0.0444747543334961), 'sad': np.float64(0.05655422357842327), 'surprise': np.float64(0.3530283272266388), 'anger': np.float64(0.00483740502037108)}"
231,"{'disgust': np.float64(0.05473181068897248), 'fear': np.float64(0.08137845776975154), 'happy': np.float64(0.002249765023589134), 'neutral': np.float64(0.044272481501102454), 'sad': np.float64(0.07072759592905642), 'surprise': np.float64(0.3413079857826233), 'anger': np.float64(0.0051935824309475714)}"
232,"{'disgust': np.float64(0.055289654135704046), 'fear': np.float64(0.15099091194570063), 'happy': np.float64(0.0021925643784925343), 'neutral': np.float64(0.04041160695254803), 'sad': np.float64(0.11615154249593615), 'surprise': np.float64(0.29603683650493623), 'anger': np.float64(0.006144394748844206)}"
233,"{'disgust': np.float64(0.05288160264492035), 'fear': np.float64(0.1703648042678833), 'happy': np.float64(0.00198997356928885), 'neutral': np.float64(0.020687965080142024), 'sad': np.float64(0.13132042698562146), 'surprise': np.float64(0.3073540061712265), 'anger': np.float64(0.006625534002669156)}"
234,"{'disgust': np.float64(0.04671650171279908), 'fear': np.float64(0.18502372920513152), 'happy': np.float64(0.001758907246403396), 'neutral': np.float64(0.012793440148234367), 'sad': np.float64(0.13271806776523593), 'surprise': np.float64(0.3145724147558212), 'anger': np.float64(0.006568634603172541)}"
235,"{'disgust': np.float64(0.04027677297592164), 'fear': np.float64(0.17333420455455778), 'happy': np.float64(0.0016598331974819302), 'neutral': np.float64(0.012841012552380562), 'sad': np.float64(0.10205119881778957), 'surprise': np.float64(0.3375288754701614), 'anger': np.float64(0.006060824247542769)}"
236,"{'disgust': np.float64(0.03495770663022996), 'fear': np.float64(0.16171126574277878), 'happy': np.float64(0.0014977395534515382), 'neutral': np.float64(0.011360696628689767), 'sad': np.float64(0.08598128847777843), 'surprise': np.float64(0.35508388578891753), 'anger': np.float64(0.005622460844460875)}"
237,"{'disgust': np.float64(0.03212886184453964), 'fear': np.float64(0.1307429775595665), 'happy': np.float64(0.0014934764243662358), 'neutral': np.float64(0.01190359488129616), 'sad': np.float64(0.048527514040470135), 'surprise': np.float64(0.3861962020397186), 'anger': np.float64(0.005059815293643624)}"
238,"{'disgust': np.float64(0.025922247767448427), 'fear': np.float64(0.11952621102333068), 'happy': np.float64(0.0013417221838608385), 'neutral': np.float64(0.011014783680438997), 'sad': np.float64(0.03368957333266735), 'surprise': np.float64(0.4028659284114838), 'anger': np.float64(0.004379926056135446)}"
239,"{'disgust': np.float64(0.025424425601959226), 'fear': np.float64(0.11835417687892913), 'happy': np.float64(0.0013156635919585823), 'neutral': np.float64(0.011371188461780549), 'sad': np.float64(0.02847934685647488), 'surprise': np.float64(0.4056367456912994), 'anger': np.float64(0.004240439573768527)}"
240,"{'disgust': np.float64(0.025717251896858216), 'fear': np.float64(0.09466684699058533), 'happy': np.float64(0.0013502930756658315), 'neutral': np.float64(0.016102141588926318), 'sad': np.float64(0.027182053886353967), 'surprise': np.float64(0.40999552607536316), 'anger': np.float64(0.00404998661018908)}"
241,"{'disgust': np.float64(0.024802270531654357), 'fear': np.float64(0.09194550722837448), 'happy': np.float64(0.001348832226358354), 'neutral': np.float64(0.017255283445119857), 'sad': np.float64(0.025860851574689148), 'surprise': np.float64(0.4108738362789154), 'anger': np.float64(0.003975762734189629)}"
242,"{'disgust': np.float64(0.023231440484523774), 'fear': np.float64(0.052269628643989555), 'happy': np.float64(0.001470574736595154), 'neutral': np.float64(0.02240607187151909), 'sad': np.float64(0.01628942867740989), 'surprise': np.float64(0.42626851201057436), 'anger': np.float64(0.0034123294020537293)}"
243,"{'disgust': np.float64(0.024915484189987184), 'fear': np.float64(0.047317790687084194), 'happy': np.float64(0.0015586834168061614), 'neutral': np.float64(0.024490433633327483), 'sad': np.float64(0.01420023345388472), 'surprise': np.float64(0.4255418837070465), 'anger': np.float64(0.003371698522241786)}"
244,"{'disgust': np.float64(0.022950921654701233), 'fear': np.float64(0.028404960036277772), 'happy': np.float64(0.0015586898196488618), 'neutral': np.float64(0.027838743627071384), 'sad': np.float64(0.01033104119822383), 'surprise': np.float64(0.4322879254817963), 'anger': np.float64(0.0029717281716875733)}"
245,"{'disgust': np.float64(0.02379880130290985), 'fear': np.float64(0.0313251069188118), 'happy': np.float64(0.001676185615360737), 'neutral': np.float64(0.025583001375198366), 'sad': np.float64(0.01115431994199753), 'surprise': np.float64(0.43288807272911073), 'anger': np.float64(0.0028549185965675863)}"
246,"{'disgust': np.float64(0.025488437712192537), 'fear': np.float64(0.028044320493936535), 'happy': np.float64(0.0018974226899445058), 'neutral': np.float64(0.026967630684375764), 'sad': np.float64(0.011447200309485197), 'surprise': np.float64(0.4311274766921997), 'anger': np.float64(0.002770678973756731)}"
247,"{'disgust': np.float64(0.0326187938451767), 'fear': np.float64(0.0303641277551651), 'happy': np.float64(0.0019390284549444913), 'neutral': np.float64(0.028980557024478916), 'sad': np.float64(0.018314486164599658), 'surprise': np.float64(0.4199847161769867), 'anger': np.float64(0.003021413249662146)}"
248,"{'disgust': np.float64(0.03457218706607819), 'fear': np.float64(0.026695883944630617), 'happy': np.float64(0.0023187151411548255), 'neutral': np.float64(0.04361532062292099), 'sad': np.float64(0.020217729108408095), 'surprise': np.float64(0.4007504522800446), 'anger': np.float64(0.0030435674835462122)}"
249,"{'disgust': np.float64(0.04230060458183289), 'fear': np.float64(0.028091113641858102), 'happy': np.float64(0.002729415404610336), 'neutral': np.float64(0.049645166695117954), 'sad': np.float64(0.02540600121021271), 'surprise': np.float64(0.38497225642204286), 'anger': np.float64(0.0034172779275104407)}"
250,"{'disgust': np.float64(0.04280220329761506), 'fear': np.float64(0.02313589833676815), 'happy': np.float64(0.00289513785392046), 'neutral': np.float64(0.05769320845603944), 'sad': np.float64(0.024386946074664594), 'surprise': np.float64(0.3769618272781372), 'anger': np.float64(0.0034113249438814824)}"
251,"{'disgust': np.float64(0.04248448610305787), 'fear': np.float64(0.02071166597306728), 'happy': np.float64(0.003014726610854268), 'neutral': np.float64(0.06060608804225922), 'sad': np.float64(0.023462922237813474), 'surprise': np.float64(0.3748335599899292), 'anger': np.float64(0.003388118434231728)}"
252,"{'disgust': np.float64(0.03428670674562455), 'fear': np.float64(0.01662385180592537), 'happy': np.float64(0.002973125362768769), 'neutral': np.float64(0.05917343318462372), 'sad': np.float64(0.016127659576013687), 'surprise': np.float64(0.386884605884552), 'anger': np.float64(0.0030313441518228504)}"
253,"{'disgust': np.float64(0.030885357260704044), 'fear': np.float64(0.025015354827046393), 'happy': np.float64(0.002579120500013232), 'neutral': np.float64(0.04228034228086472), 'sad': np.float64(0.015914898952469232), 'surprise': np.float64(0.40712825059890745), 'anger': np.float64(0.0029868154705036433)}"
254,"{'disgust': np.float64(0.03015130817890167), 'fear': np.float64(0.023033459186553955), 'happy': np.float64(0.002445888100191951), 'neutral': np.float64(0.045042353570461276), 'sad': np.float64(0.012744865668937566), 'surprise': np.float64(0.40654356479644777), 'anger': np.float64(0.0029303642932791267)}"
255,"{'disgust': np.float64(0.03715008914470673), 'fear': np.float64(0.02426373615860939), 'happy': np.float64(0.0023856760002672673), 'neutral': np.float64(0.04366128534078598), 'sad': np.float64(0.014943592632189395), 'surprise': np.float64(0.4023916244506836), 'anger': np.float64(0.0032540542143397037)}"
256,"{'disgust': np.float64(0.040881150364875794), 'fear': np.float64(0.02485425598919392), 'happy': np.float64(0.0022348847705870867), 'neutral': np.float64(0.04784890025854111), 'sad': np.float64(0.01573225730098784), 'surprise': np.float64(0.3943237245082855), 'anger': np.float64(0.0035499861848074946)}"
257,"{'disgust': np.float64(0.043316173851490024), 'fear': np.float64(0.02406539484858513), 'happy': np.float64(0.002304703323170543), 'neutral': np.float64(0.05837019473314285), 'sad': np.float64(0.015965675748884682), 'surprise': np.float64(0.3797561526298523), 'anger': np.float64(0.0038403718196786943)}"
258,"{'disgust': np.float64(0.0509502124786377), 'fear': np.float64(0.015179028064012525), 'happy': np.float64(0.0026125763077288868), 'neutral': np.float64(0.07370949029922486), 'sad': np.float64(0.015090007409453394), 'surprise': np.float64(0.35955026745796204), 'anger': np.float64(0.004170818745624274)}"
259,"{'disgust': np.float64(0.044267086088657384), 'fear': np.float64(0.013241602778434752), 'happy': np.float64(0.0023199338931590317), 'neutral': np.float64(0.06809369683265687), 'sad': np.float64(0.0121930163865909), 'surprise': np.float64(0.37319021224975585), 'anger': np.float64(0.004006362240761519)}"
260,"{'disgust': np.float64(0.03426978260278702), 'fear': np.float64(0.012203473225235939), 'happy': np.float64(0.002020636049564928), 'neutral': np.float64(0.058972980231046676), 'sad': np.float64(0.008455932652577759), 'surprise': np.float64(0.39333386421203614), 'anger': np.float64(0.0036101099697407337)}"
261,"{'disgust': np.float64(0.031686136424541475), 'fear': np.float64(0.009639559127390385), 'happy': np.float64(0.0020256514078937473), 'neutral': np.float64(0.05047883823513984), 'sad': np.float64(0.006210083942860366), 'surprise': np.float64(0.40765153169631957), 'anger': np.float64(0.0036033063021022826)}"
262,"{'disgust': np.float64(0.04836863845586777), 'fear': np.float64(0.009736228175461291), 'happy': np.float64(0.002030862111132592), 'neutral': np.float64(0.03429938480257989), 'sad': np.float64(0.0057790371961891655), 'surprise': np.float64(0.41739300489425657), 'anger': np.float64(0.004884986052056775)}"
263,"{'disgust': np.float64(0.06381733864545822), 'fear': np.float64(0.012619493789970876), 'happy': np.float64(0.001570707221981138), 'neutral': np.float64(0.01743634432554245), 'sad': np.float64(0.004478599661961198), 'surprise': np.float64(0.428410404920578), 'anger': np.float64(0.006471361889271066)}"
264,"{'disgust': np.float64(0.14986984908580783), 'fear': np.float64(0.016277723573148252), 'happy': np.float64(0.0015612174640409649), 'neutral': np.float64(0.009019367657601833), 'sad': np.float64(0.005112020852975548), 'surprise': np.float64(0.3825161188840866), 'anger': np.float64(0.011617333659669386)}"
265,"{'disgust': np.float64(0.28689245641231537), 'fear': np.float64(0.014819545224308967), 'happy': np.float64(0.0017065819352865218), 'neutral': np.float64(0.007439654357731343), 'sad': np.float64(0.005031052706763149), 'surprise': np.float64(0.29833400025963785), 'anger': np.float64(0.01792054882505909)}"
266,"{'disgust': np.float64(0.42820807695388796), 'fear': np.float64(0.014913700819015505), 'happy': np.float64(0.0015628487803041936), 'neutral': np.float64(0.0031507683917880057), 'sad': np.float64(0.004714925154112279), 'surprise': np.float64(0.21424862407147885), 'anger': np.float64(0.026429599500261247)}"
267,"{'disgust': np.float64(0.5543474078178405), 'fear': np.float64(0.014477889128029348), 'happy': np.float64(0.0013868757523596287), 'neutral': np.float64(0.001766204489395022), 'sad': np.float64(0.004021334555000066), 'surprise': np.float64(0.13577589392662048), 'anger': np.float64(0.03907249253243208)}"
268,"{'disgust': np.float64(0.6766932964324951), 'fear': np.float64(0.011655361689627169), 'happy': np.float64(0.001506350841373205), 'neutral': np.float64(0.0013477227743715048), 'sad': np.float64(0.003523640106432141), 'surprise': np.float64(0.05903850328177214), 'anger': np.float64(0.051950590237975124)}"
269,"{'disgust': np.float64(0.7377780532836914), 'fear': np.float64(0.007979893684387205), 'happy': np.float64(0.0014614782761782409), 'neutral': np.float64(0.0009026634972542526), 'sad': np.float64(0.0026002546073868875), 'surprise': np.float64(0.022586774453520773), 'anger': np.float64(0.057072510011494174)}"
270,"{'disgust': np.float64(0.7479249858856202), 'fear': np.float64(0.007936151437461377), 'happy': np.float64(0.0013030264643020927), 'neutral': np.float64(0.0007249824423342944), 'sad': np.float64(0.002344479276798666), 'surprise': np.float64(0.01644360423088074), 'anger': np.float64(0.05903401728719473)}"
271,"{'disgust': np.float64(0.7048815441131593), 'fear': np.float64(0.010113090500235558), 'happy': np.float64(0.0014382605557329952), 'neutral': np.float64(0.0013884767610579732), 'sad': np.float64(0.002600895711220801), 'surprise': np.float64(0.04050036184489727), 'anger': np.float64(0.064348508939147)}"
272,"{'disgust': np.float64(0.6851982116699219), 'fear': np.float64(0.011513395048677922), 'happy': np.float64(0.001440526999067515), 'neutral': np.float64(0.0016256525926291944), 'sad': np.float64(0.002820433052256704), 'surprise': np.float64(0.05201920941472053), 'anger': np.float64(0.06311626810580492)}"
273,"{'disgust': np.float64(0.6410122966766358), 'fear': np.float64(0.012539515234529975), 'happy': np.float64(0.001495364063885063), 'neutral': np.float64(0.0020284654386341573), 'sad': np.float64(0.0030161867523565895), 'surprise': np.float64(0.07866575364023447), 'anger': np.float64(0.06246391631662847)}"
274,"{'disgust': np.float64(0.5809478187561036), 'fear': np.float64(0.020340585932135582), 'happy': np.float64(0.0014717206708155573), 'neutral': np.float64(0.002282178308814764), 'sad': np.float64(0.0033731042547151453), 'surprise': np.float64(0.11086512915790081), 'anger': np.float64(0.07259930714964867)}"
275,"{'disgust': np.float64(0.49383884906768805), 'fear': np.float64(0.024801080301404), 'happy': np.float64(0.001555633172392845), 'neutral': np.float64(0.003077599965035916), 'sad': np.float64(0.0037480425834655767), 'surprise': np.float64(0.16135914325714112), 'anger': np.float64(0.0778193236514926)}"
276,"{'disgust': np.float64(0.4596430110931397), 'fear': np.float64(0.031208252012729643), 'happy': np.float64(0.0012844112468883395), 'neutral': np.float64(0.002905750535428524), 'sad': np.float64(0.003995530535466969), 'surprise': np.float64(0.1801672101020813), 'anger': np.float64(0.07948228400200606)}"
277,"{'disgust': np.float64(0.43011821746826173), 'fear': np.float64(0.0375846728682518), 'happy': np.float64(0.0011538940016180277), 'neutral': np.float64(0.0028661763668060307), 'sad': np.float64(0.004123685481026769), 'surprise': np.float64(0.19471060931682588), 'anger': np.float64(0.08800412315875292)}"
278,"{'disgust': np.float64(0.4000279569625855), 'fear': np.float64(0.047860814183950426), 'happy': np.float64(0.0009629774955101311), 'neutral': np.float64(0.0026224795728921895), 'sad': np.float64(0.004336361791938544), 'surprise': np.float64(0.20910122990608215), 'anger': np.float64(0.09130825664848088)}"
279,"{'disgust': np.float64(0.42477432727813724), 'fear': np.float64(0.051444622725248336), 'happy': np.float64(0.0008764916798099876), 'neutral': np.float64(0.002474728040397168), 'sad': np.float64(0.00450354021973908), 'surprise': np.float64(0.19347731173038482), 'anger': np.float64(0.0842363491281867)}"
280,"{'disgust': np.float64(0.4287323141098023), 'fear': np.float64(0.05232705160975456), 'happy': np.float64(0.0008313767844811082), 'neutral': np.float64(0.0026919811591506007), 'sad': np.float64(0.004902077172882855), 'surprise': np.float64(0.18931561410427095), 'anger': np.float64(0.0898949345946312)}"
281,"{'disgust': np.float64(0.44347797393798827), 'fear': np.float64(0.05377036884427071), 'happy': np.float64(0.0007765696616843342), 'neutral': np.float64(0.0024323634803295135), 'sad': np.float64(0.0050398624548688535), 'surprise': np.float64(0.17888733446598054), 'anger': np.float64(0.09564581833779813)}"
282,"{'disgust': np.float64(0.4432776165008545), 'fear': np.float64(0.05504031255841255), 'happy': np.float64(0.0007577529875561595), 'neutral': np.float64(0.002583167850971222), 'sad': np.float64(0.0056387331895530225), 'surprise': np.float64(0.17841425836086272), 'anger': np.float64(0.09333484262228013)}"
283,"{'disgust': np.float64(0.4280844831466675), 'fear': np.float64(0.05458871260285377), 'happy': np.float64(0.0007631548680365086), 'neutral': np.float64(0.003068273514509201), 'sad': np.float64(0.005577349187806249), 'surprise': np.float64(0.18783935010433198), 'anger': np.float64(0.09131923340260983)}"
284,"{'disgust': np.float64(0.4266872072219849), 'fear': np.float64(0.04886106401681901), 'happy': np.float64(0.0007856474490836263), 'neutral': np.float64(0.0031296551972627646), 'sad': np.float64(0.005312410364858807), 'surprise': np.float64(0.19049571454524994), 'anger': np.float64(0.09519214060157538)}"
285,"{'disgust': np.float64(0.46068037033081055), 'fear': np.float64(0.05237576320767403), 'happy': np.float64(0.0007170240627601743), 'neutral': np.float64(0.0022548521868884564), 'sad': np.float64(0.004925676207058133), 'surprise': np.float64(0.16920280754566192), 'anger': np.float64(0.09470012910664082)}"
286,"{'disgust': np.float64(0.49124733924865716), 'fear': np.float64(0.04601895242929459), 'happy': np.float64(0.0007708377554081381), 'neutral': np.float64(0.0026342343725264073), 'sad': np.float64(0.00519313411321491), 'surprise': np.float64(0.15221634060144423), 'anger': np.float64(0.09396328575909138)}"
287,"{'disgust': np.float64(0.5177872276306152), 'fear': np.float64(0.04331849187612533), 'happy': np.float64(0.0007406469900161028), 'neutral': np.float64(0.0026130277849733827), 'sad': np.float64(0.004923470658250153), 'surprise': np.float64(0.1375042289495468), 'anger': np.float64(0.09042392637580633)}"
288,"{'disgust': np.float64(0.5914770126342773), 'fear': np.float64(0.03364355497062206), 'happy': np.float64(0.000801366672385484), 'neutral': np.float64(0.002452649045735598), 'sad': np.float64(0.005110535700805485), 'surprise': np.float64(0.09551125839352607), 'anger': np.float64(0.09056535616517067)}"
289,"{'disgust': np.float64(0.6042518615722656), 'fear': np.float64(0.0311188555508852), 'happy': np.float64(0.0007902617566287517), 'neutral': np.float64(0.0024774550646543504), 'sad': np.float64(0.00549452867358923), 'surprise': np.float64(0.08889450356364251), 'anger': np.float64(0.08740326453000308)}"
290,"{'disgust': np.float64(0.5998356342315674), 'fear': np.float64(0.029908551648259164), 'happy': np.float64(0.0007870545843616128), 'neutral': np.float64(0.002709819879382849), 'sad': np.float64(0.005794484131038189), 'surprise': np.float64(0.09137404486536979), 'anger': np.float64(0.08964321181178095)}"
291,"{'disgust': np.float64(0.6185594463348388), 'fear': np.float64(0.02915547676384449), 'happy': np.float64(0.0007293726783245801), 'neutral': np.float64(0.0023283485136926176), 'sad': np.float64(0.005329265054315328), 'surprise': np.float64(0.08235700577497482), 'anger': np.float64(0.07956475228071214)}"
292,"{'disgust': np.float64(0.5703960132598878), 'fear': np.float64(0.03127119071781635), 'happy': np.float64(0.000786174344830215), 'neutral': np.float64(0.0026208768226206303), 'sad': np.float64(0.005324735939502717), 'surprise': np.float64(0.11056924462318421), 'anger': np.float64(0.08321007285267115)}"
293,"{'disgust': np.float64(0.49485675334930423), 'fear': np.float64(0.03668050065636635), 'happy': np.float64(0.0007652130909264088), 'neutral': np.float64(0.0030271849967539307), 'sad': np.float64(0.004943541982211173), 'surprise': np.float64(0.15558763965964317), 'anger': np.float64(0.08089187361299992)}"
294,"{'disgust': np.float64(0.44505146980285637), 'fear': np.float64(0.0426136203110218), 'happy': np.float64(0.0007773140328936279), 'neutral': np.float64(0.0034220685437321664), 'sad': np.float64(0.004634179058484734), 'surprise': np.float64(0.18399196937680246), 'anger': np.float64(0.08018974013626576)}"
295,"{'disgust': np.float64(0.45825455665588377), 'fear': np.float64(0.04369974508881569), 'happy': np.float64(0.0007786039495840669), 'neutral': np.float64(0.0034013234078884126), 'sad': np.float64(0.005034454255364836), 'surprise': np.float64(0.17591795995831488), 'anger': np.float64(0.075305641181767)}"
296,"{'disgust': np.float64(0.4012391901016235), 'fear': np.float64(0.04786265283823014), 'happy': np.float64(0.0008145897067151963), 'neutral': np.float64(0.00372655674815178), 'sad': np.float64(0.005305787161923946), 'surprise': np.float64(0.20891735553741456), 'anger': np.float64(0.07738139562308789)}"
297,"{'disgust': np.float64(0.425366702079773), 'fear': np.float64(0.04591868698596954), 'happy': np.float64(0.0007728117634542286), 'neutral': np.float64(0.003247883953154087), 'sad': np.float64(0.0050277339853346354), 'surprise': np.float64(0.19597284495830536), 'anger': np.float64(0.07391752813011408)}"
298,"{'disgust': np.float64(0.4702890300750733), 'fear': np.float64(0.044265479296445844), 'happy': np.float64(0.0007258528843522072), 'neutral': np.float64(0.002448114268481732), 'sad': np.float64(0.005031312662176789), 'surprise': np.float64(0.16976118087768555), 'anger': np.float64(0.07310587424784899)}"
